id,estado,fecha,hora_salida,hora_llegada,aeropuerto_salida,aeropuerto_llegada,duracion,tipo_vuelo,modelo,plazas_totales,plazas_disponibles,plazas_busisness_totales,plazas_business_disponibles,plazas_turista_totales,plazas_turista_disponibles,precio_business,precio_turista
1362,Realizado,2024-03-15,15:00:00,17:00,Moscu,Barcelona,5 horas,internacional,Airbus A500,348,6,50,0,298,6,1195.28,523.27
1363,Realizado,2024-03-15,12:00:00,14:00,Paris,Madrid,2 horas,zona euro,Airbus A330,290,2,40,0,250,2,1141.04,469.04
1364,Realizado,2024-03-15,16:00:00,17:00,Bilbao,Barcelona,1 horas,nacional,Airbus A320 Neo,180,3,30,0,150,3,1120.0,448.0
1365,Realizado,2024-03-16,15:00:00,19:00,Tokio,Madrid,13 horas,internacional,Airbus A500,348,1,50,1,298,0,1443.67,771.67
1366,Realizado,2024-03-16,08:00:00,21:00,Bilbao,Nueva delhi,7 horas,internacional,Airbus A500,348,5,50,1,298,4,1334.08,662.08
1367,Realizado,2024-03-16,12:00:00,16:00,Berlin,Madrid,4 horas,zona euro,Airbus A330,290,4,40,0,250,4,1157.4,485.4
1368,Realizado,2024-03-16,16:00:00,20:00,Berlin,Barcelona,4 horas,zona euro,Airbus A330,290,1,40,1,250,0,1149.98,477.98
1369,Realizado,2024-03-16,18:00:00,20:00,Bilbao,Sevilla,2 horas,nacional,Airbus A320 Neo,180,3,30,0,150,3,1130.53,458.53
1370,Realizado,2024-03-17,15:00:00,20:00,Pekin,Malaga,12 horas,internacional,Airbus A500,348,3,50,0,298,3,1407.76,735.76
1371,Realizado,2024-03-17,22:00:00,02:00,Sidney,Madrid,15 horas,internacional,Airbus A500,348,5,50,0,298,5,1650.61,978.61
1372,Realizado,2024-03-17,16:00:00,18:00,Nueva delhi,Bilbao,7 horas,internacional,Airbus A500,348,5,50,1,298,4,1334.08,662.08
1373,Realizado,2024-03-17,12:00:00,14:00,Paris,Madrid,2 horas,zona euro,Airbus A330,290,0,40,0,250,0,1141.04,469.04
1374,Realizado,2024-03-17,16:00:00,18:00,Barcelona,Bilbao,2 horas,nacional,Airbus A320 Neo,180,1,30,1,150,0,1120.0,448.0
1375,Realizado,2024-03-18,10:00:00,10:00,Madrid,Tokio,15 horas,internacional,Airbus A500,348,1,50,1,298,0,1443.67,771.67
1376,Realizado,2024-03-18,15:00:00,20:00,Madrid,Nueva York,9 horas,internacional,Airbus A500,348,1,50,1,298,0,1293.46,621.46
1377,Realizado,2024-03-18,08:00:00,12:00,Malaga,Varsovia,4 horas,zona euro,Airbus A330,290,5,40,0,250,5,1172.66,500.66
1378,Realizado,2024-03-18,12:00:00,14:00,Barcelona,Roma,2 horas,zona euro,Airbus A330,290,0,40,0,250,0,1132.88,460.88
1379,Realizado,2024-03-18,18:00:00,21:00,Madrid,Tenerife,3 horas,nacional,Airbus A320 Neo,180,2,30,0,150,2,1155.8,483.8
1380,Realizado,2024-03-18,06:00:00,08:00,Barcelona,Sevilla,2 horas,nacional,Airbus A320 Neo,180,1,30,1,150,0,1132.46,460.46
1381,Realizado,2024-03-19,06:00:00,14:00,Barcelona,Moscu,5 horas,internacional,Airbus A500,348,1,50,1,298,0,1195.28,523.27
1382,Realizado,2024-03-19,22:00:00,16:00,Malaga,Pekin,10 horas,internacional,Airbus A500,348,1,50,0,298,1,1407.76,735.76
1383,Realizado,2024-03-19,09:00:00,11:00,Madrid,Paris,2 horas,zona euro,Airbus A330,290,3,40,1,250,2,1141.04,469.04
1384,Realizado,2024-03-19,16:00:00,17:00,Barcelona,Bilbao,1 horas,nacional,Airbus A320 Neo,180,1,30,1,150,0,1120.0,448.0
1385,Realizado,2024-03-20,11:00:00,11:00,Madrid,Sidney,13 horas,internacional,Airbus A500,348,6,50,1,298,5,1650.61,978.61
1386,Realizado,2024-03-20,13:00:00,17:00,Barcelona,Berlin,4 horas,zona euro,Airbus A330,290,1,40,1,250,0,1149.98,477.98
1387,Realizado,2024-03-20,19:00:00,23:00,Madrid,Berlin,4 horas,zona euro,Airbus A330,290,1,40,1,250,0,1157.4,485.4
1388,Realizado,2024-03-20,17:00:00,19:00,Sevilla,Bilbao,2 horas,nacional,Airbus A320 Neo,180,0,30,0,150,0,1130.53,458.53
1389,Realizado,2024-03-20,15:00:00,17:00,Sevilla,Barcelona,2 horas,nacional,Airbus A320 Neo,180,3,30,0,150,3,1132.46,460.46
1390,Realizado,2024-03-21,10:00:00,23:00,Nueva York,Madrid,7 horas,internacional,Airbus A500,348,2,50,0,298,2,1293.46,621.46
1391,Realizado,2024-03-21,22:00:00,02:00,Varsovia,Malaga,4 horas,zona euro,Airbus A330,290,1,40,1,250,0,1172.66,500.66
1392,Realizado,2024-03-21,20:00:00,22:00,Roma,Barcelona,2 horas,zona euro,Airbus A330,290,2,40,0,250,2,1132.88,460.88
1393,Realizado,2024-03-21,18:00:00,20:00,Tenerife,Madrid,2 horas,nacional,Airbus A320 Neo,180,0,30,0,150,0,1155.8,483.8
1394,Realizado,2024-03-22,15:00:00,17:00,Moscu,Barcelona,5 horas,internacional,Airbus A500,348,1,50,1,298,0,1195.28,523.27
1395,Realizado,2024-03-22,12:00:00,14:00,Paris,Madrid,2 horas,zona euro,Airbus A330,290,0,40,0,250,0,1141.04,469.04
1396,Realizado,2024-03-22,16:00:00,17:00,Bilbao,Barcelona,1 horas,nacional,Airbus A320 Neo,180,4,30,1,150,3,1120.0,448.0
1397,Realizado,2024-03-23,15:00:00,19:00,Tokio,Madrid,13 horas,internacional,Airbus A500,348,0,50,0,298,0,1443.67,771.67
1398,Realizado,2024-03-23,08:00:00,21:00,Bilbao,Nueva delhi,7 horas,internacional,Airbus A500,348,0,50,0,298,0,1334.08,662.08
1399,Realizado,2024-03-23,12:00:00,16:00,Berlin,Madrid,4 horas,zona euro,Airbus A330,290,1,40,1,250,0,1157.4,485.4
1400,Realizado,2024-03-23,16:00:00,20:00,Berlin,Barcelona,4 horas,zona euro,Airbus A330,290,3,40,0,250,3,1149.98,477.98
1401,Realizado,2024-03-23,18:00:00,20:00,Bilbao,Sevilla,2 horas,nacional,Airbus A320 Neo,180,2,30,0,150,2,1130.53,458.53
1402,Realizado,2024-03-24,15:00:00,20:00,Pekin,Malaga,12 horas,internacional,Airbus A500,348,5,50,0,298,5,1407.76,735.76
1403,Realizado,2024-03-24,22:00:00,02:00,Sidney,Madrid,15 horas,internacional,Airbus A500,348,0,50,0,298,0,1650.61,978.61
1404,Realizado,2024-03-24,16:00:00,18:00,Nueva delhi,Bilbao,7 horas,internacional,Airbus A500,348,1,50,1,298,0,1334.08,662.08
1405,Realizado,2024-03-24,12:00:00,14:00,Paris,Madrid,2 horas,zona euro,Airbus A330,290,1,40,1,250,0,1141.04,469.04
1406,Realizado,2024-03-24,16:00:00,18:00,Barcelona,Bilbao,2 horas,nacional,Airbus A320 Neo,180,0,30,0,150,0,1120.0,448.0
1407,Realizado,2024-03-25,10:00:00,10:00,Madrid,Tokio,15 horas,internacional,Airbus A500,348,7,50,1,298,6,1443.67,771.67
1408,Realizado,2024-03-25,15:00:00,20:00,Madrid,Nueva York,9 horas,internacional,Airbus A500,348,3,50,0,298,3,1293.46,621.46
1409,Realizado,2024-03-25,08:00:00,12:00,Malaga,Varsovia,4 horas,zona euro,Airbus A330,290,1,40,0,250,1,1172.66,500.66
1410,Realizado,2024-03-25,12:00:00,14:00,Barcelona,Roma,2 horas,zona euro,Airbus A330,290,4,40,1,250,3,1132.88,460.88
1411,Realizado,2024-03-25,18:00:00,21:00,Madrid,Tenerife,3 horas,nacional,Airbus A320 Neo,180,1,30,0,150,1,1155.8,483.8
1412,Realizado,2024-03-25,06:00:00,08:00,Barcelona,Sevilla,2 horas,nacional,Airbus A320 Neo,180,0,30,0,150,0,1132.46,460.46
1413,Realizado,2024-03-26,06:00:00,14:00,Barcelona,Moscu,5 horas,internacional,Airbus A500,348,2,50,0,298,2,1195.28,523.27
1414,Realizado,2024-03-26,22:00:00,16:00,Malaga,Pekin,10 horas,internacional,Airbus A500,348,1,50,1,298,0,1407.76,735.76
1415,Realizado,2024-03-26,09:00:00,11:00,Madrid,Paris,2 horas,zona euro,Airbus A330,290,6,40,1,250,5,1141.04,469.04
1416,Realizado,2024-03-26,16:00:00,17:00,Barcelona,Bilbao,1 horas,nacional,Airbus A320 Neo,180,1,30,1,150,0,1120.0,448.0
1417,Realizado,2024-03-27,11:00:00,11:00,Madrid,Sidney,13 horas,internacional,Airbus A500,348,6,50,1,298,5,1650.61,978.61
1418,Realizado,2024-03-27,13:00:00,17:00,Barcelona,Berlin,4 horas,zona euro,Airbus A330,290,1,40,1,250,0,1149.98,477.98
1419,Realizado,2024-03-27,19:00:00,23:00,Madrid,Berlin,4 horas,zona euro,Airbus A330,290,5,40,1,250,4,1157.4,485.4
1420,Realizado,2024-03-27,17:00:00,19:00,Sevilla,Bilbao,2 horas,nacional,Airbus A320 Neo,180,1,30,0,150,1,1130.53,458.53
1421,Realizado,2024-03-27,15:00:00,17:00,Sevilla,Barcelona,2 horas,nacional,Airbus A320 Neo,180,0,30,0,150,0,1132.46,460.46
1422,Realizado,2024-03-28,10:00:00,23:00,Nueva York,Madrid,7 horas,internacional,Airbus A500,348,7,50,1,298,6,1293.46,621.46
1423,Realizado,2024-03-28,22:00:00,02:00,Varsovia,Malaga,4 horas,zona euro,Airbus A330,290,3,40,0,250,3,1172.66,500.66
1424,Realizado,2024-03-28,20:00:00,22:00,Roma,Barcelona,2 horas,zona euro,Airbus A330,290,6,40,1,250,5,1132.88,460.88
1425,Realizado,2024-03-28,18:00:00,20:00,Tenerife,Madrid,2 horas,nacional,Airbus A320 Neo,180,1,30,1,150,0,1155.8,483.8
1426,Realizado,2024-03-29,15:00:00,17:00,Moscu,Barcelona,5 horas,internacional,Airbus A500,348,1,50,1,298,0,1195.28,523.27
1427,Realizado,2024-03-29,12:00:00,14:00,Paris,Madrid,2 horas,zona euro,Airbus A330,290,1,40,0,250,1,1141.04,469.04
1428,Realizado,2024-03-29,16:00:00,17:00,Bilbao,Barcelona,1 horas,nacional,Airbus A320 Neo,180,1,30,1,150,0,1120.0,448.0
1429,Realizado,2024-03-30,15:00:00,19:00,Tokio,Madrid,13 horas,internacional,Airbus A500,348,3,50,0,298,3,1443.67,771.67
1430,Realizado,2024-03-30,08:00:00,21:00,Bilbao,Nueva delhi,7 horas,internacional,Airbus A500,348,6,50,1,298,5,1334.08,662.08
1431,Realizado,2024-03-30,12:00:00,16:00,Berlin,Madrid,4 horas,zona euro,Airbus A330,290,6,40,1,250,5,1157.4,485.4
1432,Realizado,2024-03-30,16:00:00,20:00,Berlin,Barcelona,4 horas,zona euro,Airbus A330,290,2,40,1,250,1,1149.98,477.98
1433,Realizado,2024-03-30,18:00:00,20:00,Bilbao,Sevilla,2 horas,nacional,Airbus A320 Neo,180,4,30,1,150,3,1130.53,458.53
1434,En curso,2024-03-31,15:00:00,20:00,Pekin,Malaga,12 horas,internacional,Airbus A500,348,3,50,1,298,2,1407.76,735.76
1435,Pendiente de salida,2024-03-31,22:00:00,02:00,Sidney,Madrid,15 horas,internacional,Airbus A500,348,0,50,0,298,0,1650.61,978.61
1436,En curso,2024-03-31,16:00:00,18:00,Nueva delhi,Bilbao,7 horas,internacional,Airbus A500,348,6,50,1,298,5,1334.08,662.08
1437,Realizado,2024-03-31,12:00:00,14:00,Paris,Madrid,2 horas,zona euro,Airbus A330,290,2,40,1,250,1,1141.04,469.04
1438,Realizado,2024-03-31,16:00:00,18:00,Barcelona,Bilbao,2 horas,nacional,Airbus A320 Neo,180,1,30,1,150,0,1120.0,448.0
1439,Completo,2024-04-01,10:00:00,10:00,Madrid,Tokio,15 horas,internacional,Airbus A500,348,0,50,0,298,0,1443.67,771.67
1440,Programado,2024-04-01,15:00:00,20:00,Madrid,Nueva York,9 horas,internacional,Airbus A500,348,1,50,0,298,1,1293.46,621.46
1441,Completo,2024-04-01,08:00:00,12:00,Malaga,Varsovia,4 horas,zona euro,Airbus A330,290,0,40,0,250,0,1172.66,500.66
1442,Completo,2024-04-01,12:00:00,14:00,Barcelona,Roma,2 horas,zona euro,Airbus A330,290,0,40,0,250,0,1132.88,460.88
1443,Programado,2024-04-01,18:00:00,21:00,Madrid,Tenerife,3 horas,nacional,Airbus A320 Neo,180,1,30,1,150,0,1155.8,483.8
1444,Programado,2024-04-01,06:00:00,08:00,Barcelona,Sevilla,2 horas,nacional,Airbus A320 Neo,180,1,30,1,150,0,1132.46,460.46
1445,cancelado,2024-04-02,06:00:00,14:00,Barcelona,Moscu,5 horas,internacional,Airbus A500,348,20,50,3,298,17,1195.28,523.27
1446,Completo,2024-04-02,22:00:00,16:00,Malaga,Pekin,10 horas,internacional,Airbus A500,348,0,50,0,298,0,1407.76,735.76
1447,Programado,2024-04-02,09:00:00,11:00,Madrid,Paris,2 horas,zona euro,Airbus A330,290,4,40,0,250,4,1141.04,469.04
1448,Programado,2024-04-02,16:00:00,17:00,Barcelona,Bilbao,1 horas,nacional,Airbus A320 Neo,180,8,30,0,150,8,1120.0,448.0
1449,Programado,2024-04-03,11:00:00,11:00,Madrid,Sidney,13 horas,internacional,Airbus A500,348,1,50,1,298,0,1650.61,978.61
1450,Programado,2024-04-03,13:00:00,17:00,Barcelona,Berlin,4 horas,zona euro,Airbus A330,290,1,40,1,250,0,1149.98,477.98
1451,Programado,2024-04-03,19:00:00,23:00,Madrid,Berlin,4 horas,zona euro,Airbus A330,290,3,40,0,250,3,1157.4,485.4
1452,Programado,2024-04-03,17:00:00,19:00,Sevilla,Bilbao,2 horas,nacional,Airbus A320 Neo,180,2,30,2,150,0,1130.53,458.53
1453,Programado,2024-04-03,15:00:00,17:00,Sevilla,Barcelona,2 horas,nacional,Airbus A320 Neo,180,1,30,1,150,0,1132.46,460.46
1454,Programado,2024-04-04,10:00:00,23:00,Nueva York,Madrid,7 horas,internacional,Airbus A500,348,1,50,0,298,1,1293.46,621.46
1455,Programado,2024-04-04,22:00:00,02:00,Varsovia,Malaga,4 horas,zona euro,Airbus A330,290,12,40,1,250,11,1172.66,500.66
1456,Programado,2024-04-04,20:00:00,22:00,Roma,Barcelona,2 horas,zona euro,Airbus A330,290,2,40,0,250,2,1132.88,460.88
1457,Programado,2024-04-04,18:00:00,20:00,Tenerife,Madrid,2 horas,nacional,Airbus A320 Neo,180,1,30,1,150,0,1155.8,483.8
1458,Programado,2024-04-05,15:00:00,17:00,Moscu,Barcelona,5 horas,internacional,Airbus A500,348,15,50,2,298,13,1195.28,523.27
1459,Programado,2024-04-05,12:00:00,14:00,Paris,Madrid,2 horas,zona euro,Airbus A330,290,11,40,3,250,8,1141.04,469.04
1460,Completo,2024-04-05,16:00:00,17:00,Bilbao,Barcelona,1 horas,nacional,Airbus A320 Neo,180,0,30,0,150,0,1120.0,448.0
1461,Programado,2024-04-06,15:00:00,19:00,Tokio,Madrid,13 horas,internacional,Airbus A500,348,16,50,1,298,15,1443.67,771.67
1462,Completo,2024-04-06,08:00:00,21:00,Bilbao,Nueva delhi,7 horas,internacional,Airbus A500,348,0,50,0,298,0,1334.08,662.08
1463,Programado,2024-04-06,12:00:00,16:00,Berlin,Madrid,4 horas,zona euro,Airbus A330,290,3,40,1,250,2,1157.4,485.4
1464,cancelado,2024-04-06,16:00:00,20:00,Berlin,Barcelona,4 horas,zona euro,Airbus A330,290,16,40,0,250,16,1149.98,477.98
1465,Programado,2024-04-06,18:00:00,20:00,Bilbao,Sevilla,2 horas,nacional,Airbus A320 Neo,180,1,30,1,150,0,1130.53,458.53
1466,Completo,2024-04-07,15:00:00,20:00,Pekin,Malaga,12 horas,internacional,Airbus A500,348,0,50,0,298,0,1407.76,735.76
1467,Programado,2024-04-07,22:00:00,02:00,Sidney,Madrid,15 horas,internacional,Airbus A500,348,13,50,4,298,9,1650.61,978.61
1468,Programado,2024-04-07,16:00:00,18:00,Nueva delhi,Bilbao,7 horas,internacional,Airbus A500,348,10,50,4,298,6,1334.08,662.08
1469,Programado,2024-04-07,12:00:00,14:00,Paris,Madrid,2 horas,zona euro,Airbus A330,290,1,40,1,250,0,1141.04,469.04
1470,Programado,2024-04-07,16:00:00,18:00,Barcelona,Bilbao,2 horas,nacional,Airbus A320 Neo,180,6,30,1,150,5,1120.0,448.0
1471,Programado,2024-04-08,10:00:00,10:00,Madrid,Tokio,15 horas,internacional,Airbus A500,348,18,50,2,298,16,1363.67,739.67
1472,Programado,2024-04-08,15:00:00,20:00,Madrid,Nueva York,9 horas,internacional,Airbus A500,348,20,50,2,298,18,1213.46,589.46
1473,Programado,2024-04-08,08:00:00,12:00,Malaga,Varsovia,4 horas,zona euro,Airbus A330,290,21,40,2,250,19,1092.66,468.66
1474,Programado,2024-04-08,12:00:00,14:00,Barcelona,Roma,2 horas,zona euro,Airbus A330,290,5,40,0,250,5,1052.88,428.88
1475,Programado,2024-04-08,18:00:00,21:00,Madrid,Tenerife,3 horas,nacional,Airbus A320 Neo,180,7,30,3,150,4,1075.8,451.8
1476,Programado,2024-04-08,06:00:00,08:00,Barcelona,Sevilla,2 horas,nacional,Airbus A320 Neo,180,13,30,2,150,11,1052.46,428.46
1477,Programado,2024-04-09,06:00:00,14:00,Barcelona,Moscu,5 horas,internacional,Airbus A500,348,18,50,4,298,14,1115.28,491.27
1478,Programado,2024-04-09,22:00:00,16:00,Malaga,Pekin,10 horas,internacional,Airbus A500,348,2,50,1,298,1,1327.76,703.76
1479,Programado,2024-04-09,09:00:00,11:00,Madrid,Paris,2 horas,zona euro,Airbus A330,290,14,40,2,250,12,1061.04,437.04
1480,Programado,2024-04-09,16:00:00,17:00,Barcelona,Bilbao,1 horas,nacional,Airbus A320 Neo,180,13,30,1,150,12,1040.0,416.0
1481,Programado,2024-04-10,11:00:00,11:00,Madrid,Sidney,13 horas,internacional,Airbus A500,348,4,50,2,298,2,1570.61,946.61
1482,Programado,2024-04-10,13:00:00,17:00,Barcelona,Berlin,4 horas,zona euro,Airbus A330,290,17,40,3,250,14,1069.98,445.98
1483,Programado,2024-04-10,19:00:00,23:00,Madrid,Berlin,4 horas,zona euro,Airbus A330,290,9,40,0,250,9,1077.4,453.4
1484,Programado,2024-04-10,17:00:00,19:00,Sevilla,Bilbao,2 horas,nacional,Airbus A320 Neo,180,7,30,2,150,5,1050.53,426.53
1485,Programado,2024-04-10,15:00:00,17:00,Sevilla,Barcelona,2 horas,nacional,Airbus A320 Neo,180,6,30,1,150,5,1052.46,428.46
1486,Programado,2024-04-11,10:00:00,23:00,Nueva York,Madrid,7 horas,internacional,Airbus A500,348,16,50,0,298,16,1213.46,589.46
1487,Programado,2024-04-11,22:00:00,02:00,Varsovia,Malaga,4 horas,zona euro,Airbus A330,290,7,40,0,250,7,1092.66,468.66
1488,Programado,2024-04-11,20:00:00,22:00,Roma,Barcelona,2 horas,zona euro,Airbus A330,290,14,40,1,250,13,1052.88,428.88
1489,Programado,2024-04-11,18:00:00,20:00,Tenerife,Madrid,2 horas,nacional,Airbus A320 Neo,180,5,30,2,150,3,1075.8,451.8
1490,Programado,2024-04-12,15:00:00,17:00,Moscu,Barcelona,5 horas,internacional,Airbus A500,348,26,50,3,298,23,1115.28,491.27
1491,Programado,2024-04-12,12:00:00,14:00,Paris,Madrid,2 horas,zona euro,Airbus A330,290,13,40,0,250,13,1061.04,437.04
1492,Programado,2024-04-12,16:00:00,17:00,Bilbao,Barcelona,1 horas,nacional,Airbus A320 Neo,180,2,30,0,150,2,1040.0,416.0
1493,Programado,2024-04-13,15:00:00,19:00,Tokio,Madrid,13 horas,internacional,Airbus A500,348,16,50,3,298,13,1363.67,739.67
1494,Programado,2024-04-13,08:00:00,21:00,Bilbao,Nueva delhi,7 horas,internacional,Airbus A500,348,23,50,2,298,21,1254.08,630.08
1495,Programado,2024-04-13,12:00:00,16:00,Berlin,Madrid,4 horas,zona euro,Airbus A330,290,7,40,2,250,5,1077.4,453.4
1496,Programado,2024-04-13,16:00:00,20:00,Berlin,Barcelona,4 horas,zona euro,Airbus A330,290,8,40,0,250,8,1069.98,445.98
1497,Programado,2024-04-13,18:00:00,20:00,Bilbao,Sevilla,2 horas,nacional,Airbus A320 Neo,180,3,30,2,150,1,1050.53,426.53
1498,Programado,2024-04-14,15:00:00,20:00,Pekin,Malaga,12 horas,internacional,Airbus A500,348,14,50,2,298,12,1327.76,703.76
1499,Programado,2024-04-14,22:00:00,02:00,Sidney,Madrid,15 horas,internacional,Airbus A500,348,19,50,3,298,16,1570.61,946.61
1500,Programado,2024-04-14,16:00:00,18:00,Nueva delhi,Bilbao,7 horas,internacional,Airbus A500,348,12,50,3,298,9,1254.08,630.08
1501,Programado,2024-04-14,12:00:00,14:00,Paris,Madrid,2 horas,zona euro,Airbus A330,290,21,40,3,250,18,1061.04,437.04
1502,Programado,2024-04-14,16:00:00,18:00,Barcelona,Bilbao,2 horas,nacional,Airbus A320 Neo,180,15,30,3,150,12,1040.0,416.0
1503,Programado,2024-04-15,10:00:00,10:00,Madrid,Tokio,15 horas,internacional,Airbus A500,348,18,50,4,298,14,1283.67,707.67
1504,Programado,2024-04-15,15:00:00,20:00,Madrid,Nueva York,9 horas,internacional,Airbus A500,348,22,50,1,298,21,1133.46,557.46
1505,Programado,2024-04-15,08:00:00,12:00,Malaga,Varsovia,4 horas,zona euro,Airbus A330,290,5,40,3,250,2,1012.66,436.66
1506,Programado,2024-04-15,12:00:00,14:00,Barcelona,Roma,2 horas,zona euro,Airbus A330,290,18,40,3,250,15,972.88,396.88
1507,Programado,2024-04-15,18:00:00,21:00,Madrid,Tenerife,3 horas,nacional,Airbus A320 Neo,180,6,30,2,150,4,995.8,419.8
1508,Programado,2024-04-15,06:00:00,08:00,Barcelona,Sevilla,2 horas,nacional,Airbus A320 Neo,180,14,30,3,150,11,972.47,396.46
1509,Programado,2024-04-16,06:00:00,14:00,Barcelona,Moscu,5 horas,internacional,Airbus A500,348,25,50,4,298,21,1035.28,459.27
1510,Programado,2024-04-16,22:00:00,16:00,Malaga,Pekin,10 horas,internacional,Airbus A500,348,7,50,2,298,5,1247.76,671.76
1511,Programado,2024-04-16,09:00:00,11:00,Madrid,Paris,2 horas,zona euro,Airbus A330,290,14,40,1,250,13,981.04,405.04
1512,Programado,2024-04-16,16:00:00,17:00,Barcelona,Bilbao,1 horas,nacional,Airbus A320 Neo,180,1,30,1,150,0,960.0,384.0
1513,Programado,2024-04-17,11:00:00,11:00,Madrid,Sidney,13 horas,internacional,Airbus A500,348,53,50,9,298,44,1310.61,842.61
1514,Programado,2024-04-17,13:00:00,17:00,Barcelona,Berlin,4 horas,zona euro,Airbus A330,290,25,40,3,250,22,989.98,413.98
1515,Programado,2024-04-17,19:00:00,23:00,Madrid,Berlin,4 horas,zona euro,Airbus A330,290,43,40,8,250,35,997.4,421.4
1516,Programado,2024-04-17,17:00:00,19:00,Sevilla,Bilbao,2 horas,nacional,Airbus A320 Neo,180,18,30,5,150,13,970.53,394.53
1517,cancelado,2024-04-17,15:00:00,17:00,Sevilla,Barcelona,2 horas,nacional,Airbus A320 Neo,180,33,30,3,150,30,792.47,324.46
1518,Programado,2024-04-18,10:00:00,23:00,Nueva York,Madrid,7 horas,internacional,Airbus A500,348,61,50,4,298,57,953.46,485.46
1519,Programado,2024-04-18,22:00:00,02:00,Varsovia,Malaga,4 horas,zona euro,Airbus A330,290,35,40,4,250,31,1012.66,436.66
1520,Programado,2024-04-18,20:00:00,22:00,Roma,Barcelona,2 horas,zona euro,Airbus A330,290,28,40,7,250,21,972.88,396.88
1521,Programado,2024-04-18,18:00:00,20:00,Tenerife,Madrid,2 horas,nacional,Airbus A320 Neo,180,29,30,3,150,26,815.8,347.8
1522,Programado,2024-04-19,15:00:00,17:00,Moscu,Barcelona,5 horas,internacional,Airbus A500,348,38,50,6,298,32,1035.28,459.27
1523,cancelado,2024-04-19,12:00:00,14:00,Paris,Madrid,2 horas,zona euro,Airbus A330,290,53,40,7,250,46,801.04,333.04
1524,Programado,2024-04-19,16:00:00,17:00,Bilbao,Barcelona,1 horas,nacional,Airbus A320 Neo,180,28,30,5,150,23,780.0,312.0
1525,Programado,2024-04-20,15:00:00,19:00,Tokio,Madrid,13 horas,internacional,Airbus A500,348,35,50,4,298,31,1283.67,707.67
1526,Programado,2024-04-20,08:00:00,21:00,Bilbao,Nueva delhi,7 horas,internacional,Airbus A500,348,55,50,4,298,51,994.08,526.08
1527,cancelado,2024-04-20,12:00:00,16:00,Berlin,Madrid,4 horas,zona euro,Airbus A330,290,54,40,5,250,49,817.4,349.4
1528,Programado,2024-04-20,16:00:00,20:00,Berlin,Barcelona,4 horas,zona euro,Airbus A330,290,43,40,4,250,39,989.98,413.98
1529,Programado,2024-04-20,18:00:00,20:00,Bilbao,Sevilla,2 horas,nacional,Airbus A320 Neo,180,17,30,3,150,14,970.53,394.53
1530,Programado,2024-04-21,15:00:00,20:00,Pekin,Malaga,12 horas,internacional,Airbus A500,348,61,50,6,298,55,1067.76,599.76
1531,Programado,2024-04-21,22:00:00,02:00,Sidney,Madrid,15 horas,internacional,Airbus A500,348,48,50,7,298,41,1490.61,914.61
1532,Programado,2024-04-21,16:00:00,18:00,Nueva delhi,Bilbao,7 horas,internacional,Airbus A500,348,32,50,8,298,24,1174.08,598.08
1533,Programado,2024-04-21,12:00:00,14:00,Paris,Madrid,2 horas,zona euro,Airbus A330,290,33,40,4,250,29,981.04,405.04
1534,Programado,2024-04-21,16:00:00,18:00,Barcelona,Bilbao,2 horas,nacional,Airbus A320 Neo,180,26,30,6,150,20,960.0,384.0
1535,Programado,2024-04-22,10:00:00,10:00,Madrid,Tokio,15 horas,internacional,Airbus A500,348,37,50,6,298,31,1283.67,707.67
1536,Programado,2024-04-22,15:00:00,20:00,Madrid,Nueva York,9 horas,internacional,Airbus A500,348,50,50,10,298,40,1133.46,557.46
1537,Programado,2024-04-22,08:00:00,12:00,Malaga,Varsovia,4 horas,zona euro,Airbus A330,290,27,40,4,250,23,1012.66,436.66
1538,Programado,2024-04-22,12:00:00,14:00,Barcelona,Roma,2 horas,zona euro,Airbus A330,290,35,40,4,250,31,972.88,396.88
1539,Programado,2024-04-22,18:00:00,21:00,Madrid,Tenerife,3 horas,nacional,Airbus A320 Neo,180,30,30,5,150,25,815.8,347.8
1540,Programado,2024-04-22,06:00:00,08:00,Barcelona,Sevilla,2 horas,nacional,Airbus A320 Neo,180,20,30,4,150,16,972.47,396.46
1541,cancelado,2024-04-23,06:00:00,14:00,Barcelona,Moscu,5 horas,internacional,Airbus A500,348,64,50,10,298,54,855.27,387.27
1542,Programado,2024-04-23,22:00:00,16:00,Malaga,Pekin,10 horas,internacional,Airbus A500,348,62,50,9,298,53,1067.76,599.76
1543,Programado,2024-04-23,09:00:00,11:00,Madrid,Paris,2 horas,zona euro,Airbus A330,290,28,40,7,250,21,981.04,405.04
1544,Programado,2024-04-23,16:00:00,17:00,Barcelona,Bilbao,1 horas,nacional,Airbus A320 Neo,180,22,30,3,150,19,960.0,384.0
1545,Programado,2024-04-24,11:00:00,11:00,Madrid,Sidney,13 horas,internacional,Airbus A500,348,60,50,4,298,56,1310.61,842.61
1546,Programado,2024-04-24,13:00:00,17:00,Barcelona,Berlin,4 horas,zona euro,Airbus A330,290,44,40,4,250,40,809.98,341.98
1547,Programado,2024-04-24,19:00:00,23:00,Madrid,Berlin,4 horas,zona euro,Airbus A330,290,46,40,3,250,43,817.4,349.4
1548,Programado,2024-04-24,17:00:00,19:00,Sevilla,Bilbao,2 horas,nacional,Airbus A320 Neo,180,19,30,5,150,14,970.53,394.53
1549,cancelado,2024-04-24,15:00:00,17:00,Sevilla,Barcelona,2 horas,nacional,Airbus A320 Neo,180,33,30,5,150,28,792.47,324.46
1550,Programado,2024-04-25,10:00:00,23:00,Nueva York,Madrid,7 horas,internacional,Airbus A500,348,58,50,10,298,48,953.46,485.46
1551,Programado,2024-04-25,22:00:00,02:00,Varsovia,Malaga,4 horas,zona euro,Airbus A330,290,50,40,7,250,43,832.66,364.66
1552,Programado,2024-04-25,20:00:00,22:00,Roma,Barcelona,2 horas,zona euro,Airbus A330,290,38,40,8,250,30,972.88,396.88
1553,Programado,2024-04-25,18:00:00,20:00,Tenerife,Madrid,2 horas,nacional,Airbus A320 Neo,180,17,30,5,150,12,995.8,419.8
1554,Programado,2024-04-26,15:00:00,17:00,Moscu,Barcelona,5 horas,internacional,Airbus A500,348,46,50,4,298,42,1035.28,459.27
1555,Programado,2024-04-26,12:00:00,14:00,Paris,Madrid,2 horas,zona euro,Airbus A330,290,42,40,8,250,34,981.04,405.04
1556,Programado,2024-04-26,16:00:00,17:00,Bilbao,Barcelona,1 horas,nacional,Airbus A320 Neo,180,28,30,6,150,22,780.0,312.0
1557,Programado,2024-04-27,15:00:00,19:00,Tokio,Madrid,13 horas,internacional,Airbus A500,348,60,50,9,298,51,1103.67,635.67
1558,Programado,2024-04-27,08:00:00,21:00,Bilbao,Nueva delhi,7 horas,internacional,Airbus A500,348,56,50,8,298,48,994.08,526.08
1559,Programado,2024-04-27,12:00:00,16:00,Berlin,Madrid,4 horas,zona euro,Airbus A330,290,30,40,5,250,25,997.4,421.4
1560,Programado,2024-04-27,16:00:00,20:00,Berlin,Barcelona,4 horas,zona euro,Airbus A330,290,46,40,6,250,40,809.98,341.98
1561,Programado,2024-04-27,18:00:00,20:00,Bilbao,Sevilla,2 horas,nacional,Airbus A320 Neo,180,24,30,3,150,21,970.53,394.53
1562,Programado,2024-04-28,15:00:00,20:00,Pekin,Malaga,12 horas,internacional,Airbus A500,348,51,50,7,298,44,1247.76,671.76
1563,Programado,2024-04-28,22:00:00,02:00,Sidney,Madrid,15 horas,internacional,Airbus A500,348,49,50,7,298,42,1490.61,914.61
1564,Programado,2024-04-28,16:00:00,18:00,Nueva delhi,Bilbao,7 horas,internacional,Airbus A500,348,37,50,7,298,30,1174.08,598.08
1565,Programado,2024-04-28,12:00:00,14:00,Paris,Madrid,2 horas,zona euro,Airbus A330,290,52,40,5,250,47,801.04,333.04
1566,Programado,2024-04-28,16:00:00,18:00,Barcelona,Bilbao,2 horas,nacional,Airbus A320 Neo,180,17,30,3,150,14,960.0,384.0
1567,Programado,2024-04-29,10:00:00,10:00,Madrid,Tokio,15 horas,internacional,Airbus A500,348,38,50,4,298,34,1283.67,707.67
1568,Programado,2024-04-29,15:00:00,20:00,Madrid,Nueva York,9 horas,internacional,Airbus A500,348,30,50,7,298,23,1133.46,557.46
1569,Programado,2024-04-29,08:00:00,12:00,Malaga,Varsovia,4 horas,zona euro,Airbus A330,290,27,40,4,250,23,1012.66,436.66
1570,Programado,2024-04-29,12:00:00,14:00,Barcelona,Roma,2 horas,zona euro,Airbus A330,290,44,40,8,250,36,792.88,324.88
1571,cancelado,2024-04-29,18:00:00,21:00,Madrid,Tenerife,3 horas,nacional,Airbus A320 Neo,180,34,30,4,150,30,815.8,347.8
1572,cancelado,2024-04-29,06:00:00,08:00,Barcelona,Sevilla,2 horas,nacional,Airbus A320 Neo,180,33,30,4,150,29,792.47,324.46
1573,cancelado,2024-04-30,06:00:00,14:00,Barcelona,Moscu,5 horas,internacional,Airbus A500,348,66,50,9,298,57,855.27,387.27
1574,Programado,2024-04-30,22:00:00,16:00,Malaga,Pekin,10 horas,internacional,Airbus A500,348,34,50,8,298,26,1247.76,671.76
1575,Programado,2024-04-30,09:00:00,11:00,Madrid,Paris,2 horas,zona euro,Airbus A330,290,38,40,3,250,35,981.04,405.04
1576,cancelado,2024-04-30,16:00:00,17:00,Barcelona,Bilbao,1 horas,nacional,Airbus A320 Neo,180,34,30,4,150,30,780.0,312.0
1577,Programado,2024-05-01,11:00:00,11:00,Madrid,Sidney,13 horas,internacional,Airbus A500,348,50,50,9,298,41,1410.61,882.61
1578,Programado,2024-05-01,13:00:00,17:00,Barcelona,Berlin,4 horas,zona euro,Airbus A330,290,36,40,5,250,31,909.98,381.98
1579,Programado,2024-05-01,19:00:00,23:00,Madrid,Berlin,4 horas,zona euro,Airbus A330,290,53,40,3,250,50,752.4,323.4
1580,Programado,2024-05-01,17:00:00,19:00,Sevilla,Bilbao,2 horas,nacional,Airbus A320 Neo,180,24,30,4,150,20,890.53,362.53
1581,Programado,2024-05-01,15:00:00,17:00,Sevilla,Barcelona,2 horas,nacional,Airbus A320 Neo,180,32,30,6,150,26,727.47,298.47
1582,Programado,2024-05-02,10:00:00,23:00,Nueva York,Madrid,7 horas,internacional,Airbus A500,348,134,50,23,298,111,673.96,373.66
1583,Programado,2024-05-02,22:00:00,02:00,Varsovia,Malaga,4 horas,zona euro,Airbus A330,290,105,40,13,250,92,553.16,252.86
1584,Programado,2024-05-02,20:00:00,22:00,Roma,Barcelona,2 horas,zona euro,Airbus A330,290,86,40,9,250,77,727.88,298.89
1585,Programado,2024-05-02,18:00:00,20:00,Tenerife,Madrid,2 horas,nacional,Airbus A320 Neo,180,43,30,7,150,36,750.8,321.8
1586,Programado,2024-05-03,15:00:00,17:00,Moscu,Barcelona,5 horas,internacional,Airbus A500,348,85,50,12,298,73,790.27,361.28
1587,Programado,2024-05-03,12:00:00,14:00,Paris,Madrid,2 horas,zona euro,Airbus A330,290,93,40,9,250,84,521.54,221.24
1588,Programado,2024-05-03,16:00:00,17:00,Bilbao,Barcelona,1 horas,nacional,Airbus A320 Neo,180,52,30,8,150,44,715.0,286.0
1589,Programado,2024-05-04,15:00:00,19:00,Tokio,Madrid,13 horas,internacional,Airbus A500,348,111,50,19,298,92,824.17,523.87
1590,Programado,2024-05-04,08:00:00,21:00,Bilbao,Nueva delhi,7 horas,internacional,Airbus A500,348,108,50,20,298,88,714.58,414.28
1591,Programado,2024-05-04,12:00:00,16:00,Berlin,Madrid,4 horas,zona euro,Airbus A330,290,83,40,9,250,74,752.4,323.4
1592,Programado,2024-05-04,16:00:00,20:00,Berlin,Barcelona,4 horas,zona euro,Airbus A330,290,71,40,14,250,57,744.98,315.98
1593,Programado,2024-05-04,18:00:00,20:00,Bilbao,Sevilla,2 horas,nacional,Airbus A320 Neo,180,64,30,11,150,53,511.03,210.73
1594,Programado,2024-05-05,15:00:00,20:00,Pekin,Malaga,12 horas,internacional,Airbus A500,348,95,50,14,298,81,1002.76,573.76
1595,Programado,2024-05-05,22:00:00,02:00,Sidney,Madrid,15 horas,internacional,Airbus A500,348,138,50,13,298,125,1031.11,730.81
1596,Programado,2024-05-05,16:00:00,18:00,Nueva delhi,Bilbao,7 horas,internacional,Airbus A500,348,93,50,14,298,79,929.08,500.08
1597,Programado,2024-05-05,12:00:00,14:00,Paris,Madrid,2 horas,zona euro,Airbus A330,290,65,40,10,250,55,736.04,307.04
1598,Programado,2024-05-05,16:00:00,18:00,Barcelona,Bilbao,2 horas,nacional,Airbus A320 Neo,180,52,30,14,150,38,715.0,286.0
1599,Programado,2024-05-06,10:00:00,10:00,Madrid,Tokio,15 horas,internacional,Airbus A500,348,135,50,19,298,116,824.17,523.87
1600,Programado,2024-05-06,15:00:00,20:00,Madrid,Nueva York,9 horas,internacional,Airbus A500,348,110,50,17,298,93,673.96,373.66
1601,Programado,2024-05-06,08:00:00,12:00,Malaga,Varsovia,4 horas,zona euro,Airbus A330,290,73,40,11,250,62,767.66,338.66
1602,Programado,2024-05-06,12:00:00,14:00,Barcelona,Roma,2 horas,zona euro,Airbus A330,290,95,40,18,250,77,513.38,213.09
1603,Programado,2024-05-06,18:00:00,21:00,Madrid,Tenerife,3 horas,nacional,Airbus A320 Neo,180,74,30,7,150,67,536.3,236.0
1604,Programado,2024-05-06,06:00:00,08:00,Barcelona,Sevilla,2 horas,nacional,Airbus A320 Neo,180,53,30,7,150,46,727.47,298.47
1605,Programado,2024-05-07,06:00:00,14:00,Barcelona,Moscu,5 horas,internacional,Airbus A500,348,111,50,10,298,101,575.77,275.48
1606,Programado,2024-05-07,22:00:00,16:00,Malaga,Pekin,10 horas,internacional,Airbus A500,348,103,50,14,298,89,1002.76,573.76
1607,Programado,2024-05-07,09:00:00,11:00,Madrid,Paris,2 horas,zona euro,Airbus A330,290,61,40,9,250,52,736.04,307.04
1608,Programado,2024-05-07,16:00:00,17:00,Barcelona,Bilbao,1 horas,nacional,Airbus A320 Neo,180,58,30,12,150,46,500.5,200.2
1609,Programado,2024-05-08,11:00:00,11:00,Madrid,Sidney,13 horas,internacional,Airbus A500,348,131,50,21,298,110,1031.11,730.81
1610,Programado,2024-05-08,13:00:00,17:00,Barcelona,Berlin,4 horas,zona euro,Airbus A330,290,100,40,11,250,89,530.48,230.18
1611,Programado,2024-05-08,19:00:00,23:00,Madrid,Berlin,4 horas,zona euro,Airbus A330,290,90,40,10,250,80,537.9,237.6
1612,Programado,2024-05-08,17:00:00,19:00,Sevilla,Bilbao,2 horas,nacional,Airbus A320 Neo,180,49,30,8,150,41,725.53,296.53
1613,Programado,2024-05-08,15:00:00,17:00,Sevilla,Barcelona,2 horas,nacional,Airbus A320 Neo,180,67,30,13,150,54,512.96,212.67
1614,Programado,2024-05-09,10:00:00,23:00,Nueva York,Madrid,7 horas,internacional,Airbus A500,348,99,50,23,298,76,888.46,459.46
1615,Programado,2024-05-09,22:00:00,02:00,Varsovia,Malaga,4 horas,zona euro,Airbus A330,290,109,40,15,250,94,553.16,252.86
1616,Programado,2024-05-09,20:00:00,22:00,Roma,Barcelona,2 horas,zona euro,Airbus A330,290,115,40,18,250,97,513.38,213.09
1617,Programado,2024-05-09,18:00:00,20:00,Tenerife,Madrid,2 horas,nacional,Airbus A320 Neo,180,51,30,8,150,43,750.8,321.8
1618,Programado,2024-05-10,15:00:00,17:00,Moscu,Barcelona,5 horas,internacional,Airbus A500,348,126,50,14,298,112,575.77,275.48
1619,Programado,2024-05-10,12:00:00,14:00,Paris,Madrid,2 horas,zona euro,Airbus A330,290,67,40,10,250,57,736.04,307.04
1620,Programado,2024-05-10,16:00:00,17:00,Bilbao,Barcelona,1 horas,nacional,Airbus A320 Neo,180,68,30,9,150,59,500.5,200.2
1621,Programado,2024-05-11,15:00:00,19:00,Tokio,Madrid,13 horas,internacional,Airbus A500,348,86,50,10,298,76,1038.67,609.67
1622,Programado,2024-05-11,08:00:00,21:00,Bilbao,Nueva delhi,7 horas,internacional,Airbus A500,348,86,50,21,298,65,929.08,500.08
1623,Programado,2024-05-11,12:00:00,16:00,Berlin,Madrid,4 horas,zona euro,Airbus A330,290,96,40,11,250,85,537.9,237.6
1624,Programado,2024-05-11,16:00:00,20:00,Berlin,Barcelona,4 horas,zona euro,Airbus A330,290,91,40,13,250,78,530.48,230.18
1625,Programado,2024-05-11,18:00:00,20:00,Bilbao,Sevilla,2 horas,nacional,Airbus A320 Neo,180,46,30,8,150,38,725.53,296.53
1626,Programado,2024-05-12,15:00:00,20:00,Pekin,Malaga,12 horas,internacional,Airbus A500,348,118,50,12,298,106,788.26,487.96
1627,Programado,2024-05-12,22:00:00,02:00,Sidney,Madrid,15 horas,internacional,Airbus A500,348,100,50,22,298,78,1245.61,816.61
1628,Programado,2024-05-12,16:00:00,18:00,Nueva delhi,Bilbao,7 horas,internacional,Airbus A500,348,139,50,15,298,124,714.58,414.28
1629,Programado,2024-05-12,12:00:00,14:00,Paris,Madrid,2 horas,zona euro,Airbus A330,290,77,40,13,250,64,736.04,307.04
1630,Programado,2024-05-12,16:00:00,18:00,Barcelona,Bilbao,2 horas,nacional,Airbus A320 Neo,180,72,30,11,150,61,500.5,200.2
1631,Programado,2024-05-13,10:00:00,10:00,Madrid,Tokio,15 horas,internacional,Airbus A500,348,88,50,21,298,67,1038.67,609.67
1632,Programado,2024-05-13,15:00:00,20:00,Madrid,Nueva York,9 horas,internacional,Airbus A500,348,113,50,20,298,93,673.96,373.66
1633,Programado,2024-05-13,08:00:00,12:00,Malaga,Varsovia,4 horas,zona euro,Airbus A330,290,69,40,14,250,55,767.66,338.66
1634,Programado,2024-05-13,12:00:00,14:00,Barcelona,Roma,2 horas,zona euro,Airbus A330,290,86,40,10,250,76,727.88,298.89
1635,Programado,2024-05-13,18:00:00,21:00,Madrid,Tenerife,3 horas,nacional,Airbus A320 Neo,180,71,30,9,150,62,536.3,236.0
1636,Programado,2024-05-13,06:00:00,08:00,Barcelona,Sevilla,2 horas,nacional,Airbus A320 Neo,180,45,30,9,150,36,727.47,298.47
1637,Programado,2024-05-14,06:00:00,14:00,Barcelona,Moscu,5 horas,internacional,Airbus A500,348,122,50,17,298,105,575.77,275.48
1638,Programado,2024-05-14,22:00:00,16:00,Malaga,Pekin,10 horas,internacional,Airbus A500,348,133,50,18,298,115,788.26,487.96
1639,Programado,2024-05-14,09:00:00,11:00,Madrid,Paris,2 horas,zona euro,Airbus A330,290,110,40,10,250,100,521.54,221.24
1640,Programado,2024-05-14,16:00:00,17:00,Barcelona,Bilbao,1 horas,nacional,Airbus A320 Neo,180,54,30,8,150,46,715.0,286.0
1641,Programado,2024-05-15,11:00:00,11:00,Madrid,Sidney,13 horas,internacional,Airbus A500,348,82,50,17,298,65,1245.61,816.61
1642,Programado,2024-05-15,13:00:00,17:00,Barcelona,Berlin,4 horas,zona euro,Airbus A330,290,101,40,16,250,85,530.48,230.18
1643,Programado,2024-05-15,19:00:00,23:00,Madrid,Berlin,4 horas,zona euro,Airbus A330,290,70,40,8,250,62,752.4,323.4
1644,Programado,2024-05-15,17:00:00,19:00,Sevilla,Bilbao,2 horas,nacional,Airbus A320 Neo,180,75,30,14,150,61,511.03,210.73
1645,Programado,2024-05-15,15:00:00,17:00,Sevilla,Barcelona,2 horas,nacional,Airbus A320 Neo,180,61,30,12,150,49,512.96,212.67
1646,Programado,2024-05-16,10:00:00,23:00,Nueva York,Madrid,7 horas,internacional,Airbus A500,348,137,50,19,298,118,823.46,433.46
1647,Programado,2024-05-16,22:00:00,02:00,Varsovia,Malaga,4 horas,zona euro,Airbus A330,290,116,40,17,250,99,702.66,312.66
1648,Programado,2024-05-16,20:00:00,22:00,Roma,Barcelona,2 horas,zona euro,Airbus A330,290,122,40,10,250,112,662.88,272.88
1649,Programado,2024-05-16,18:00:00,20:00,Tenerife,Madrid,2 horas,nacional,Airbus A320 Neo,180,46,30,12,150,34,685.8,295.8
1650,Programado,2024-05-17,15:00:00,17:00,Moscu,Barcelona,5 horas,internacional,Airbus A500,348,108,50,15,298,93,725.27,335.27
1651,Programado,2024-05-17,12:00:00,14:00,Paris,Madrid,2 horas,zona euro,Airbus A330,290,113,40,13,250,100,671.04,281.04
1652,Programado,2024-05-17,16:00:00,17:00,Bilbao,Barcelona,1 horas,nacional,Airbus A320 Neo,180,58,30,13,150,45,650.0,260.0
1653,Programado,2024-05-18,15:00:00,19:00,Tokio,Madrid,13 horas,internacional,Airbus A500,348,104,50,15,298,89,973.67,583.67
1654,Programado,2024-05-18,08:00:00,21:00,Bilbao,Nueva delhi,7 horas,internacional,Airbus A500,348,139,50,21,298,118,864.08,474.08
1655,Programado,2024-05-18,12:00:00,16:00,Berlin,Madrid,4 horas,zona euro,Airbus A330,290,123,40,15,250,108,687.4,297.4
1656,Programado,2024-05-18,16:00:00,20:00,Berlin,Barcelona,4 horas,zona euro,Airbus A330,290,111,40,16,250,95,679.98,289.98
1657,Programado,2024-05-18,18:00:00,20:00,Bilbao,Sevilla,2 horas,nacional,Airbus A320 Neo,180,36,30,6,150,30,660.53,270.53
1658,Programado,2024-05-19,15:00:00,20:00,Pekin,Malaga,12 horas,internacional,Airbus A500,348,98,50,11,298,87,937.76,547.76
1659,Programado,2024-05-19,22:00:00,02:00,Sidney,Madrid,15 horas,internacional,Airbus A500,348,100,50,22,298,78,1180.61,790.61
1660,cancelado,2024-05-19,16:00:00,18:00,Nueva delhi,Bilbao,7 horas,internacional,Airbus A500,348,150,50,16,298,134,864.08,474.08
1661,Programado,2024-05-19,12:00:00,14:00,Paris,Madrid,2 horas,zona euro,Airbus A330,290,115,40,9,250,106,671.04,281.04
1662,Programado,2024-05-19,16:00:00,18:00,Barcelona,Bilbao,2 horas,nacional,Airbus A320 Neo,180,62,30,10,150,52,650.0,260.0
1663,Programado,2024-05-20,10:00:00,10:00,Madrid,Tokio,15 horas,internacional,Airbus A500,348,133,50,13,298,120,973.67,583.67
1664,Programado,2024-05-20,15:00:00,20:00,Madrid,Nueva York,9 horas,internacional,Airbus A500,348,118,50,23,298,95,823.46,433.46
1665,Programado,2024-05-20,08:00:00,12:00,Malaga,Varsovia,4 horas,zona euro,Airbus A330,290,88,40,10,250,78,702.66,312.66
1666,Programado,2024-05-20,12:00:00,14:00,Barcelona,Roma,2 horas,zona euro,Airbus A330,290,64,40,9,250,55,662.88,272.88
1667,Programado,2024-05-20,18:00:00,21:00,Madrid,Tenerife,3 horas,nacional,Airbus A320 Neo,180,74,30,10,150,64,685.8,295.8
1668,Programado,2024-05-20,06:00:00,08:00,Barcelona,Sevilla,2 horas,nacional,Airbus A320 Neo,180,47,30,6,150,41,662.47,272.46
1669,Programado,2024-05-21,06:00:00,14:00,Barcelona,Moscu,5 horas,internacional,Airbus A500,348,82,50,15,298,67,725.27,335.27
1670,Programado,2024-05-21,22:00:00,16:00,Malaga,Pekin,10 horas,internacional,Airbus A500,348,111,50,19,298,92,937.76,547.76
1671,Programado,2024-05-21,09:00:00,11:00,Madrid,Paris,2 horas,zona euro,Airbus A330,290,99,40,12,250,87,671.04,281.04
1672,Programado,2024-05-21,16:00:00,17:00,Barcelona,Bilbao,1 horas,nacional,Airbus A320 Neo,180,38,30,6,150,32,650.0,260.0
1673,Programado,2024-05-22,11:00:00,11:00,Madrid,Sidney,13 horas,internacional,Airbus A500,348,102,50,15,298,87,1180.61,790.61
1674,Programado,2024-05-22,13:00:00,17:00,Barcelona,Berlin,4 horas,zona euro,Airbus A330,290,85,40,16,250,69,679.98,289.98
1675,Programado,2024-05-22,19:00:00,23:00,Madrid,Berlin,4 horas,zona euro,Airbus A330,290,104,40,12,250,92,687.4,297.4
1676,Programado,2024-05-22,17:00:00,19:00,Sevilla,Bilbao,2 horas,nacional,Airbus A320 Neo,180,49,30,9,150,40,660.53,270.53
1677,Programado,2024-05-22,15:00:00,17:00,Sevilla,Barcelona,2 horas,nacional,Airbus A320 Neo,180,66,30,13,150,53,662.47,272.46
1678,Programado,2024-05-23,10:00:00,23:00,Nueva York,Madrid,7 horas,internacional,Airbus A500,348,117,50,19,298,98,823.46,433.46
1679,Programado,2024-05-23,22:00:00,02:00,Varsovia,Malaga,4 horas,zona euro,Airbus A330,290,123,40,18,250,105,702.66,312.66
1680,Programado,2024-05-23,20:00:00,22:00,Roma,Barcelona,2 horas,zona euro,Airbus A330,290,73,40,13,250,60,662.88,272.88
1681,Programado,2024-05-23,18:00:00,20:00,Tenerife,Madrid,2 horas,nacional,Airbus A320 Neo,180,37,30,7,150,30,685.8,295.8
1682,Programado,2024-05-24,15:00:00,17:00,Moscu,Barcelona,5 horas,internacional,Airbus A500,348,88,50,13,298,75,725.27,335.27
1683,Programado,2024-05-24,12:00:00,14:00,Paris,Madrid,2 horas,zona euro,Airbus A330,290,99,40,9,250,90,671.04,281.04
1684,Programado,2024-05-24,16:00:00,17:00,Bilbao,Barcelona,1 horas,nacional,Airbus A320 Neo,180,55,30,10,150,45,650.0,260.0
1685,Programado,2024-05-25,15:00:00,19:00,Tokio,Madrid,13 horas,internacional,Airbus A500,348,93,50,19,298,74,973.67,583.67
1686,Programado,2024-05-25,08:00:00,21:00,Bilbao,Nueva delhi,7 horas,internacional,Airbus A500,348,109,50,11,298,98,864.08,474.08
1687,Programado,2024-05-25,12:00:00,16:00,Berlin,Madrid,4 horas,zona euro,Airbus A330,290,60,40,9,250,51,687.4,297.4
1688,Programado,2024-05-25,16:00:00,20:00,Berlin,Barcelona,4 horas,zona euro,Airbus A330,290,70,40,11,250,59,679.98,289.98
1689,Programado,2024-05-25,18:00:00,20:00,Bilbao,Sevilla,2 horas,nacional,Airbus A320 Neo,180,56,30,12,150,44,660.53,270.53
1690,Programado,2024-05-26,15:00:00,20:00,Pekin,Malaga,12 horas,internacional,Airbus A500,348,136,50,19,298,117,937.76,547.76
1691,Programado,2024-05-26,22:00:00,02:00,Sidney,Madrid,15 horas,internacional,Airbus A500,348,113,50,11,298,102,1180.61,790.61
1692,Programado,2024-05-26,16:00:00,18:00,Nueva delhi,Bilbao,7 horas,internacional,Airbus A500,348,93,50,11,298,82,864.08,474.08
1693,Programado,2024-05-26,12:00:00,14:00,Paris,Madrid,2 horas,zona euro,Airbus A330,290,77,40,10,250,67,671.04,281.04
1694,Programado,2024-05-26,16:00:00,18:00,Barcelona,Bilbao,2 horas,nacional,Airbus A320 Neo,180,38,30,8,150,30,650.0,260.0
1695,Programado,2024-05-27,10:00:00,10:00,Madrid,Tokio,15 horas,internacional,Airbus A500,348,117,50,22,298,95,973.67,583.67
1696,Programado,2024-05-27,15:00:00,20:00,Madrid,Nueva York,9 horas,internacional,Airbus A500,348,84,50,13,298,71,823.46,433.46
1697,Programado,2024-05-27,08:00:00,12:00,Malaga,Varsovia,4 horas,zona euro,Airbus A330,290,100,40,9,250,91,702.66,312.66
1698,Programado,2024-05-27,12:00:00,14:00,Barcelona,Roma,2 horas,zona euro,Airbus A330,290,93,40,16,250,77,662.88,272.88
1699,Programado,2024-05-27,18:00:00,21:00,Madrid,Tenerife,3 horas,nacional,Airbus A320 Neo,180,70,30,14,150,56,685.8,295.8
1700,Programado,2024-05-27,06:00:00,08:00,Barcelona,Sevilla,2 horas,nacional,Airbus A320 Neo,180,50,30,13,150,37,662.47,272.46
1701,Programado,2024-05-28,06:00:00,14:00,Barcelona,Moscu,5 horas,internacional,Airbus A500,348,81,50,14,298,67,725.27,335.27
1702,Programado,2024-05-28,22:00:00,16:00,Malaga,Pekin,10 horas,internacional,Airbus A500,348,104,50,10,298,94,937.76,547.76
1703,Programado,2024-05-28,09:00:00,11:00,Madrid,Paris,2 horas,zona euro,Airbus A330,290,68,40,11,250,57,671.04,281.04
1704,Programado,2024-05-28,16:00:00,17:00,Barcelona,Bilbao,1 horas,nacional,Airbus A320 Neo,180,63,30,6,150,57,650.0,260.0
1705,Programado,2024-05-29,11:00:00,11:00,Madrid,Sidney,13 horas,internacional,Airbus A500,348,146,50,21,298,125,1180.61,790.61
1706,Programado,2024-05-29,13:00:00,17:00,Barcelona,Berlin,4 horas,zona euro,Airbus A330,290,112,40,13,250,99,679.98,289.98
1707,Programado,2024-05-29,19:00:00,23:00,Madrid,Berlin,4 horas,zona euro,Airbus A330,290,94,40,15,250,79,687.4,297.4
1708,Programado,2024-05-29,17:00:00,19:00,Sevilla,Bilbao,2 horas,nacional,Airbus A320 Neo,180,57,30,9,150,48,660.53,270.53
1709,Programado,2024-05-29,15:00:00,17:00,Sevilla,Barcelona,2 horas,nacional,Airbus A320 Neo,180,46,30,9,150,37,662.47,272.46
1710,Programado,2024-05-30,10:00:00,23:00,Nueva York,Madrid,7 horas,internacional,Airbus A500,348,110,50,20,298,90,823.46,433.46
1711,Programado,2024-05-30,22:00:00,02:00,Varsovia,Malaga,4 horas,zona euro,Airbus A330,290,109,40,9,250,100,702.66,312.66
1712,cancelado,2024-05-30,20:00:00,22:00,Roma,Barcelona,2 horas,zona euro,Airbus A330,290,126,40,14,250,112,662.88,272.88
1713,Programado,2024-05-30,18:00:00,20:00,Tenerife,Madrid,2 horas,nacional,Airbus A320 Neo,180,62,30,8,150,54,685.8,295.8
1714,En curso,2024-05-31,15:00:00,17:00,Moscu,Barcelona,5 horas,internacional,Airbus A500,348,89,50,22,298,67,725.27,335.27
1715,Pendiente de salida,2024-05-31,12:00:00,14:00,Paris,Madrid,2 horas,zona euro,Airbus A330,290,81,40,10,250,71,671.04,281.04
1716,Pendiente de salida,2024-05-31,16:00:00,17:00,Bilbao,Barcelona,1 horas,nacional,Airbus A320 Neo,180,77,30,11,150,66,650.0,260.0
1717,Programado,2024-06-01,15:00:00,19:00,Tokio,Madrid,13 horas,internacional,Airbus A500,348,191,50,32,298,159,653.67,455.67
1718,Programado,2024-06-01,08:00:00,21:00,Bilbao,Nueva delhi,7 horas,internacional,Airbus A500,348,204,50,33,298,171,544.08,346.08
1719,Programado,2024-06-01,12:00:00,16:00,Berlin,Madrid,4 horas,zona euro,Airbus A330,290,179,40,19,250,160,367.4,169.4
1720,Programado,2024-06-01,16:00:00,20:00,Berlin,Barcelona,4 horas,zona euro,Airbus A330,290,152,40,23,250,129,359.98,161.98
1721,Programado,2024-06-01,18:00:00,20:00,Bilbao,Sevilla,2 horas,nacional,Airbus A320 Neo,180,96,30,19,150,77,340.53,142.53
1722,Programado,2024-06-02,15:00:00,20:00,Pekin,Malaga,12 horas,internacional,Airbus A500,348,166,50,26,298,140,937.76,547.76
1723,Programado,2024-06-02,22:00:00,02:00,Sidney,Madrid,15 horas,internacional,Airbus A500,348,164,50,23,298,141,1180.61,790.61
1724,Programado,2024-06-02,16:00:00,18:00,Nueva delhi,Bilbao,7 horas,internacional,Airbus A500,348,198,50,24,298,174,544.08,346.08
1725,Programado,2024-06-02,12:00:00,14:00,Paris,Madrid,2 horas,zona euro,Airbus A330,290,155,40,18,250,137,351.04,153.04
1726,Programado,2024-06-02,16:00:00,18:00,Barcelona,Bilbao,2 horas,nacional,Airbus A320 Neo,180,93,30,17,150,76,330.0,132.0
1727,Programado,2024-06-03,10:00:00,10:00,Madrid,Tokio,15 horas,internacional,Airbus A500,348,175,50,26,298,149,653.67,455.67
1728,Programado,2024-06-03,15:00:00,20:00,Madrid,Nueva York,9 horas,internacional,Airbus A500,348,188,50,23,298,165,503.46,305.46
1729,Programado,2024-06-03,08:00:00,12:00,Malaga,Varsovia,4 horas,zona euro,Airbus A330,290,163,40,21,250,142,382.66,184.66
1730,Programado,2024-06-03,12:00:00,14:00,Barcelona,Roma,2 horas,zona euro,Airbus A330,290,143,40,18,250,125,662.88,272.88
1731,Programado,2024-06-03,18:00:00,21:00,Madrid,Tenerife,3 horas,nacional,Airbus A320 Neo,180,86,30,16,150,70,685.8,295.8
1732,Programado,2024-06-03,06:00:00,08:00,Barcelona,Sevilla,2 horas,nacional,Airbus A320 Neo,180,114,30,19,150,95,342.46,144.47
1733,Programado,2024-06-04,06:00:00,14:00,Barcelona,Moscu,5 horas,internacional,Airbus A500,348,170,50,28,298,142,725.27,335.27
1734,Programado,2024-06-04,22:00:00,16:00,Malaga,Pekin,10 horas,internacional,Airbus A500,348,193,50,33,298,160,617.76,419.76
1735,Programado,2024-06-04,09:00:00,11:00,Madrid,Paris,2 horas,zona euro,Airbus A330,290,174,40,25,250,149,351.04,153.04
1736,Programado,2024-06-04,16:00:00,17:00,Barcelona,Bilbao,1 horas,nacional,Airbus A320 Neo,180,97,30,16,150,81,330.0,132.0
1737,Programado,2024-06-05,11:00:00,11:00,Madrid,Sidney,13 horas,internacional,Airbus A500,348,165,50,27,298,138,1180.61,790.61
1738,Programado,2024-06-05,13:00:00,17:00,Barcelona,Berlin,4 horas,zona euro,Airbus A330,290,180,40,20,250,160,359.98,161.98
1739,Programado,2024-06-05,19:00:00,23:00,Madrid,Berlin,4 horas,zona euro,Airbus A330,290,157,40,24,250,133,367.4,169.4
1740,Programado,2024-06-05,17:00:00,19:00,Sevilla,Bilbao,2 horas,nacional,Airbus A320 Neo,180,108,30,18,150,90,340.53,142.53
1741,Programado,2024-06-05,15:00:00,17:00,Sevilla,Barcelona,2 horas,nacional,Airbus A320 Neo,180,86,30,15,150,71,662.47,272.46
1742,Programado,2024-06-06,10:00:00,23:00,Nueva York,Madrid,7 horas,internacional,Airbus A500,348,178,50,28,298,150,503.46,305.46
1743,Programado,2024-06-06,22:00:00,02:00,Varsovia,Malaga,4 horas,zona euro,Airbus A330,290,185,40,25,250,160,382.66,184.66
1744,Programado,2024-06-06,20:00:00,22:00,Roma,Barcelona,2 horas,zona euro,Airbus A330,290,142,40,22,250,120,662.88,272.88
1745,Programado,2024-06-06,18:00:00,20:00,Tenerife,Madrid,2 horas,nacional,Airbus A320 Neo,180,87,30,16,150,71,685.8,295.8
1746,Programado,2024-06-07,15:00:00,17:00,Moscu,Barcelona,5 horas,internacional,Airbus A500,348,169,50,27,298,142,725.27,335.27
1747,Programado,2024-06-07,12:00:00,14:00,Paris,Madrid,2 horas,zona euro,Airbus A330,290,147,40,21,250,126,351.04,153.04
1748,Programado,2024-06-07,16:00:00,17:00,Bilbao,Barcelona,1 horas,nacional,Airbus A320 Neo,180,99,30,17,150,82,330.0,132.0
1749,Programado,2024-06-08,15:00:00,19:00,Tokio,Madrid,13 horas,internacional,Airbus A500,348,165,50,26,298,139,973.67,583.67
1750,Programado,2024-06-08,08:00:00,21:00,Bilbao,Nueva delhi,7 horas,internacional,Airbus A500,348,182,50,25,298,157,544.08,346.08
1751,Programado,2024-06-08,12:00:00,16:00,Berlin,Madrid,4 horas,zona euro,Airbus A330,290,157,40,18,250,139,367.4,169.4
1752,Programado,2024-06-08,16:00:00,20:00,Berlin,Barcelona,4 horas,zona euro,Airbus A330,290,164,40,26,250,138,359.98,161.98
1753,Programado,2024-06-08,18:00:00,20:00,Bilbao,Sevilla,2 horas,nacional,Airbus A320 Neo,180,100,30,18,150,82,340.53,142.53
1754,Programado,2024-06-09,15:00:00,20:00,Pekin,Malaga,12 horas,internacional,Airbus A500,348,189,50,32,298,157,617.76,419.76
1755,Programado,2024-06-09,22:00:00,02:00,Sidney,Madrid,15 horas,internacional,Airbus A500,348,174,50,26,298,148,1130.61,770.61
1756,Programado,2024-06-09,16:00:00,18:00,Nueva delhi,Bilbao,7 horas,internacional,Airbus A500,348,211,50,29,298,182,544.08,346.08
1757,Programado,2024-06-09,12:00:00,14:00,Paris,Madrid,2 horas,zona euro,Airbus A330,290,169,40,21,250,148,351.04,153.04
1758,Programado,2024-06-09,16:00:00,18:00,Barcelona,Bilbao,2 horas,nacional,Airbus A320 Neo,180,92,30,17,150,75,330.0,132.0
1759,Programado,2024-06-10,10:00:00,10:00,Madrid,Tokio,15 horas,internacional,Airbus A500,348,222,50,33,298,189,653.67,455.67
1760,Programado,2024-06-10,15:00:00,20:00,Madrid,Nueva York,9 horas,internacional,Airbus A500,348,183,50,26,298,157,503.46,305.46
1761,Programado,2024-06-10,08:00:00,12:00,Malaga,Varsovia,4 horas,zona euro,Airbus A330,290,152,40,26,250,126,382.66,184.66
1762,Programado,2024-06-10,12:00:00,14:00,Barcelona,Roma,2 horas,zona euro,Airbus A330,290,176,40,21,250,155,342.88,144.88
1763,Programado,2024-06-10,18:00:00,21:00,Madrid,Tenerife,3 horas,nacional,Airbus A320 Neo,180,103,30,16,150,87,365.8,167.8
1764,Programado,2024-06-10,06:00:00,08:00,Barcelona,Sevilla,2 horas,nacional,Airbus A320 Neo,180,104,30,19,150,85,342.46,144.47
1765,Programado,2024-06-11,06:00:00,14:00,Barcelona,Moscu,5 horas,internacional,Airbus A500,348,163,50,24,298,139,725.27,335.27
1766,Programado,2024-06-11,22:00:00,16:00,Malaga,Pekin,10 horas,internacional,Airbus A500,348,204,50,29,298,175,617.76,419.76
1767,Programado,2024-06-11,09:00:00,11:00,Madrid,Paris,2 horas,zona euro,Airbus A330,290,177,40,26,250,151,351.04,153.04
1768,Programado,2024-06-11,16:00:00,17:00,Barcelona,Bilbao,1 horas,nacional,Airbus A320 Neo,180,101,30,14,150,87,330.0,132.0
1769,Programado,2024-06-12,11:00:00,11:00,Madrid,Sidney,13 horas,internacional,Airbus A500,348,185,50,31,298,154,860.61,662.61
1770,Programado,2024-06-12,13:00:00,17:00,Barcelona,Berlin,4 horas,zona euro,Airbus A330,290,162,40,22,250,140,359.98,161.98
1771,Programado,2024-06-12,19:00:00,23:00,Madrid,Berlin,4 horas,zona euro,Airbus A330,290,169,40,24,250,145,367.4,169.4
1772,Programado,2024-06-12,17:00:00,19:00,Sevilla,Bilbao,2 horas,nacional,Airbus A320 Neo,180,107,30,16,150,91,340.53,142.53
1773,Programado,2024-06-12,15:00:00,17:00,Sevilla,Barcelona,2 horas,nacional,Airbus A320 Neo,180,102,30,14,150,88,342.46,144.47
1774,Programado,2024-06-13,10:00:00,23:00,Nueva York,Madrid,7 horas,internacional,Airbus A500,348,179,50,29,298,150,503.46,305.46
1775,Programado,2024-06-13,22:00:00,02:00,Varsovia,Malaga,4 horas,zona euro,Airbus A330,290,142,40,18,250,124,702.66,312.66
1776,Programado,2024-06-13,20:00:00,22:00,Roma,Barcelona,2 horas,zona euro,Airbus A330,290,184,40,26,250,158,342.88,144.88
1777,Programado,2024-06-13,18:00:00,20:00,Tenerife,Madrid,2 horas,nacional,Airbus A320 Neo,180,100,30,17,150,83,365.8,167.8
1778,Programado,2024-06-14,15:00:00,17:00,Moscu,Barcelona,5 horas,internacional,Airbus A500,348,183,50,24,298,159,405.27,207.28
1779,Programado,2024-06-14,12:00:00,14:00,Paris,Madrid,2 horas,zona euro,Airbus A330,290,145,40,26,250,119,621.04,261.04
1780,Programado,2024-06-14,16:00:00,17:00,Bilbao,Barcelona,1 horas,nacional,Airbus A320 Neo,180,101,30,14,150,87,330.0,132.0
1781,Programado,2024-06-15,15:00:00,19:00,Tokio,Madrid,13 horas,internacional,Airbus A500,348,221,50,29,298,192,653.67,455.67
1782,Programado,2024-06-15,08:00:00,21:00,Bilbao,Nueva delhi,7 horas,internacional,Airbus A500,348,210,50,28,298,182,544.08,346.08
1783,Programado,2024-06-15,12:00:00,16:00,Berlin,Madrid,4 horas,zona euro,Airbus A330,290,135,40,21,250,114,687.4,297.4
1784,Programado,2024-06-15,16:00:00,20:00,Berlin,Barcelona,4 horas,zona euro,Airbus A330,290,166,40,25,250,141,359.98,161.98
1785,Programado,2024-06-15,18:00:00,20:00,Bilbao,Sevilla,2 horas,nacional,Airbus A320 Neo,180,102,30,15,150,87,340.53,142.53
1786,Programado,2024-06-16,15:00:00,20:00,Pekin,Malaga,12 horas,internacional,Airbus A500,348,173,50,31,298,142,937.76,547.76
1787,Programado,2024-06-16,22:00:00,02:00,Sidney,Madrid,15 horas,internacional,Airbus A500,348,176,50,24,298,152,860.61,662.61
1788,Programado,2024-06-16,16:00:00,18:00,Nueva delhi,Bilbao,7 horas,internacional,Airbus A500,348,170,50,28,298,142,864.08,474.08
1789,Programado,2024-06-16,12:00:00,14:00,Paris,Madrid,2 horas,zona euro,Airbus A330,290,153,40,23,250,130,351.04,153.04
1790,Programado,2024-06-16,16:00:00,18:00,Barcelona,Bilbao,2 horas,nacional,Airbus A320 Neo,180,96,30,16,150,80,330.0,132.0
1791,cancelado,2024-06-17,10:00:00,10:00,Madrid,Tokio,15 horas,internacional,Airbus A500,348,224,50,32,298,192,653.67,455.67
1792,Programado,2024-06-17,15:00:00,20:00,Madrid,Nueva York,9 horas,internacional,Airbus A500,348,197,50,27,298,170,503.46,305.46
1793,Programado,2024-06-17,08:00:00,12:00,Malaga,Varsovia,4 horas,zona euro,Airbus A330,290,160,40,23,250,137,382.66,184.66
1794,Programado,2024-06-17,12:00:00,14:00,Barcelona,Roma,2 horas,zona euro,Airbus A330,290,149,40,18,250,131,342.88,144.88
1795,Programado,2024-06-17,18:00:00,21:00,Madrid,Tenerife,3 horas,nacional,Airbus A320 Neo,180,114,30,18,150,96,365.8,167.8
1796,Programado,2024-06-17,06:00:00,08:00,Barcelona,Sevilla,2 horas,nacional,Airbus A320 Neo,180,104,30,18,150,86,342.46,144.47
1797,Programado,2024-06-18,06:00:00,14:00,Barcelona,Moscu,5 horas,internacional,Airbus A500,348,177,50,29,298,148,405.27,207.28
1798,Programado,2024-06-18,22:00:00,16:00,Malaga,Pekin,10 horas,internacional,Airbus A500,348,211,50,28,298,183,617.76,419.76
1799,Programado,2024-06-18,09:00:00,11:00,Madrid,Paris,2 horas,zona euro,Airbus A330,290,142,40,18,250,124,671.04,281.04
1800,Programado,2024-06-18,16:00:00,17:00,Barcelona,Bilbao,1 horas,nacional,Airbus A320 Neo,180,106,30,20,150,86,330.0,132.0
1801,Programado,2024-06-19,11:00:00,11:00,Madrid,Sidney,13 horas,internacional,Airbus A500,348,177,50,33,298,144,860.61,662.61
1802,Programado,2024-06-19,13:00:00,17:00,Barcelona,Berlin,4 horas,zona euro,Airbus A330,290,136,40,21,250,115,679.98,289.98
1803,Programado,2024-06-19,19:00:00,23:00,Madrid,Berlin,4 horas,zona euro,Airbus A330,290,139,40,25,250,114,687.4,297.4
1804,Programado,2024-06-19,17:00:00,19:00,Sevilla,Bilbao,2 horas,nacional,Airbus A320 Neo,180,103,30,17,150,86,340.53,142.53
1805,Programado,2024-06-19,15:00:00,17:00,Sevilla,Barcelona,2 horas,nacional,Airbus A320 Neo,180,90,30,19,150,71,612.47,252.47
1806,Programado,2024-06-20,10:00:00,23:00,Nueva York,Madrid,7 horas,internacional,Airbus A500,348,206,50,29,298,177,503.46,305.46
1807,Programado,2024-06-20,22:00:00,02:00,Varsovia,Malaga,4 horas,zona euro,Airbus A330,290,183,40,20,250,163,382.66,184.66
1808,Programado,2024-06-20,20:00:00,22:00,Roma,Barcelona,2 horas,zona euro,Airbus A330,290,142,40,25,250,117,662.88,272.88
1809,Programado,2024-06-20,18:00:00,20:00,Tenerife,Madrid,2 horas,nacional,Airbus A320 Neo,180,100,30,16,150,84,365.8,167.8
1810,Programado,2024-06-21,15:00:00,17:00,Moscu,Barcelona,5 horas,internacional,Airbus A500,348,214,50,24,298,190,405.27,207.28
1811,Programado,2024-06-21,12:00:00,14:00,Paris,Madrid,2 horas,zona euro,Airbus A330,290,144,40,23,250,121,671.04,281.04
1812,Programado,2024-06-21,16:00:00,17:00,Bilbao,Barcelona,1 horas,nacional,Airbus A320 Neo,180,96,30,14,150,82,330.0,132.0
1813,Programado,2024-06-22,15:00:00,19:00,Tokio,Madrid,13 horas,internacional,Airbus A500,348,167,50,30,298,137,973.67,583.67
1814,cancelado,2024-06-22,08:00:00,21:00,Bilbao,Nueva delhi,7 horas,internacional,Airbus A500,348,223,50,30,298,193,544.08,346.08
1815,Programado,2024-06-22,12:00:00,16:00,Berlin,Madrid,4 horas,zona euro,Airbus A330,290,144,40,19,250,125,687.4,297.4
1816,Programado,2024-06-22,16:00:00,20:00,Berlin,Barcelona,4 horas,zona euro,Airbus A330,290,176,40,22,250,154,359.98,161.98
1817,cancelado,2024-06-22,18:00:00,20:00,Bilbao,Sevilla,2 horas,nacional,Airbus A320 Neo,180,116,30,18,150,98,340.53,142.53
1818,Programado,2024-06-23,15:00:00,20:00,Pekin,Malaga,12 horas,internacional,Airbus A500,348,207,50,29,298,178,617.76,419.76
1819,Programado,2024-06-23,22:00:00,02:00,Sidney,Madrid,15 horas,internacional,Airbus A500,348,163,50,24,298,139,1180.61,790.61
1820,cancelado,2024-06-23,16:00:00,18:00,Nueva delhi,Bilbao,7 horas,internacional,Airbus A500,348,223,50,32,298,191,544.08,346.08
1821,Programado,2024-06-23,12:00:00,14:00,Paris,Madrid,2 horas,zona euro,Airbus A330,290,175,40,25,250,150,351.04,153.04
1822,Programado,2024-06-23,16:00:00,18:00,Barcelona,Bilbao,2 horas,nacional,Airbus A320 Neo,180,97,30,19,150,78,330.0,132.0
1823,cancelado,2024-06-24,10:00:00,10:00,Madrid,Tokio,15 horas,internacional,Airbus A500,348,227,50,33,298,194,639.92,450.17
1824,Programado,2024-06-24,15:00:00,20:00,Madrid,Nueva York,9 horas,internacional,Airbus A500,348,184,50,23,298,161,503.46,305.46
1825,Programado,2024-06-24,08:00:00,12:00,Malaga,Varsovia,4 horas,zona euro,Airbus A330,290,162,40,26,250,136,382.66,184.66
1826,Programado,2024-06-24,12:00:00,14:00,Barcelona,Roma,2 horas,zona euro,Airbus A330,290,160,40,26,250,134,342.88,144.88
1827,Programado,2024-06-24,18:00:00,21:00,Madrid,Tenerife,3 horas,nacional,Airbus A320 Neo,180,105,30,19,150,86,365.8,167.8
1828,Programado,2024-06-24,06:00:00,08:00,Barcelona,Sevilla,2 horas,nacional,Airbus A320 Neo,180,111,30,20,150,91,342.46,144.47
1829,Programado,2024-06-25,06:00:00,14:00,Barcelona,Moscu,5 horas,internacional,Airbus A500,348,173,50,25,298,148,725.27,335.27
1830,Programado,2024-06-25,22:00:00,16:00,Malaga,Pekin,10 horas,internacional,Airbus A500,348,170,50,30,298,140,937.76,547.76
1831,cancelado,2024-06-25,09:00:00,11:00,Madrid,Paris,2 horas,zona euro,Airbus A330,290,186,40,24,250,162,351.04,153.04
1832,Programado,2024-06-25,16:00:00,17:00,Barcelona,Bilbao,1 horas,nacional,Airbus A320 Neo,180,97,30,15,150,82,330.0,132.0
1833,Programado,2024-06-26,11:00:00,11:00,Madrid,Sidney,13 horas,internacional,Airbus A500,348,183,50,23,298,160,860.61,662.61
1834,Programado,2024-06-26,13:00:00,17:00,Barcelona,Berlin,4 horas,zona euro,Airbus A330,290,182,40,24,250,158,359.98,161.98
1835,Programado,2024-06-26,19:00:00,23:00,Madrid,Berlin,4 horas,zona euro,Airbus A330,290,161,40,21,250,140,367.4,169.4
1836,Programado,2024-06-26,17:00:00,19:00,Sevilla,Bilbao,2 horas,nacional,Airbus A320 Neo,180,90,30,16,150,74,610.53,250.53
1837,Programado,2024-06-26,15:00:00,17:00,Sevilla,Barcelona,2 horas,nacional,Airbus A320 Neo,180,103,30,15,150,88,342.46,144.47
1838,Programado,2024-06-27,10:00:00,23:00,Nueva York,Madrid,7 horas,internacional,Airbus A500,348,208,50,27,298,181,503.46,305.46
1839,Programado,2024-06-27,22:00:00,02:00,Varsovia,Malaga,4 horas,zona euro,Airbus A330,290,185,40,26,250,159,382.66,184.66
1840,Programado,2024-06-27,20:00:00,22:00,Roma,Barcelona,2 horas,zona euro,Airbus A330,290,160,40,24,250,136,342.88,144.88
1841,Programado,2024-06-27,18:00:00,20:00,Tenerife,Madrid,2 horas,nacional,Airbus A320 Neo,180,114,30,17,150,97,365.8,167.8
1842,Programado,2024-06-28,15:00:00,17:00,Moscu,Barcelona,5 horas,internacional,Airbus A500,348,197,50,23,298,174,405.27,207.28
1843,Programado,2024-06-28,12:00:00,14:00,Paris,Madrid,2 horas,zona euro,Airbus A330,290,160,40,21,250,139,351.04,153.04
1844,Programado,2024-06-28,16:00:00,17:00,Bilbao,Barcelona,1 horas,nacional,Airbus A320 Neo,180,106,30,14,150,92,330.0,132.0
1845,Programado,2024-06-29,15:00:00,19:00,Tokio,Madrid,13 horas,internacional,Airbus A500,348,165,50,23,298,142,973.67,583.67
1846,Programado,2024-06-29,08:00:00,21:00,Bilbao,Nueva delhi,7 horas,internacional,Airbus A500,348,198,50,31,298,167,544.08,346.08
1847,Programado,2024-06-29,12:00:00,16:00,Berlin,Madrid,4 horas,zona euro,Airbus A330,290,168,40,22,250,146,367.4,169.4
1848,Programado,2024-06-29,16:00:00,20:00,Berlin,Barcelona,4 horas,zona euro,Airbus A330,290,163,40,21,250,142,359.98,161.98
1849,Programado,2024-06-29,18:00:00,20:00,Bilbao,Sevilla,2 horas,nacional,Airbus A320 Neo,180,87,30,17,150,70,660.53,270.53
1850,Programado,2024-06-30,15:00:00,20:00,Pekin,Malaga,12 horas,internacional,Airbus A500,348,206,50,32,298,174,887.76,527.76
1851,Programado,2024-06-30,22:00:00,02:00,Sidney,Madrid,15 horas,internacional,Airbus A500,348,215,50,27,298,188,1130.61,770.61
1852,Programado,2024-06-30,16:00:00,18:00,Nueva delhi,Bilbao,7 horas,internacional,Airbus A500,348,172,50,32,298,140,864.08,474.08
1853,Programado,2024-06-30,12:00:00,14:00,Paris,Madrid,2 horas,zona euro,Airbus A330,290,135,40,18,250,117,671.04,281.04
1854,Programado,2024-06-30,16:00:00,18:00,Barcelona,Bilbao,2 horas,nacional,Airbus A320 Neo,180,88,30,17,150,71,650.0,260.0
1855,Programado,2024-07-01,10:00:00,10:00,Madrid,Tokio,15 horas,internacional,Airbus A500,348,193,50,30,298,163,863.67,539.67
1856,Programado,2024-07-01,15:00:00,20:00,Madrid,Nueva York,9 horas,internacional,Airbus A500,348,201,50,29,298,172,713.46,389.46
1857,Programado,2024-07-01,08:00:00,12:00,Malaga,Varsovia,4 horas,zona euro,Airbus A330,290,168,40,26,250,142,592.66,268.66
1858,Programado,2024-07-01,12:00:00,14:00,Barcelona,Roma,2 horas,zona euro,Airbus A330,290,156,40,22,250,134,552.88,228.88
1859,Programado,2024-07-01,18:00:00,21:00,Madrid,Tenerife,3 horas,nacional,Airbus A320 Neo,180,95,30,16,150,79,575.8,251.8
1860,Programado,2024-07-01,06:00:00,08:00,Barcelona,Sevilla,2 horas,nacional,Airbus A320 Neo,180,105,30,17,150,88,552.47,228.47
1861,Programado,2024-07-02,06:00:00,14:00,Barcelona,Moscu,5 horas,internacional,Airbus A500,348,207,50,23,298,184,615.27,291.27
1862,Programado,2024-07-02,22:00:00,16:00,Malaga,Pekin,10 horas,internacional,Airbus A500,348,214,50,30,298,184,827.76,503.76
1863,Programado,2024-07-02,09:00:00,11:00,Madrid,Paris,2 horas,zona euro,Airbus A330,290,139,40,18,250,121,606.04,255.04
1864,Programado,2024-07-02,16:00:00,17:00,Barcelona,Bilbao,1 horas,nacional,Airbus A320 Neo,180,105,30,16,150,89,540.0,216.0
1865,Programado,2024-07-03,11:00:00,11:00,Madrid,Sidney,13 horas,internacional,Airbus A500,348,159,50,23,298,136,1115.61,764.61
1866,Programado,2024-07-03,13:00:00,17:00,Barcelona,Berlin,4 horas,zona euro,Airbus A330,290,167,40,21,250,146,569.98,245.98
1867,Programado,2024-07-03,19:00:00,23:00,Madrid,Berlin,4 horas,zona euro,Airbus A330,290,172,40,21,250,151,577.4,253.4
1868,Programado,2024-07-03,17:00:00,19:00,Sevilla,Bilbao,2 horas,nacional,Airbus A320 Neo,180,93,30,17,150,76,550.53,226.53
1869,Programado,2024-07-03,15:00:00,17:00,Sevilla,Barcelona,2 horas,nacional,Airbus A320 Neo,180,111,30,19,150,92,552.47,228.47
1870,Programado,2024-07-04,10:00:00,23:00,Nueva York,Madrid,7 horas,internacional,Airbus A500,348,172,50,24,298,148,758.46,407.46
1871,Programado,2024-07-04,22:00:00,02:00,Varsovia,Malaga,4 horas,zona euro,Airbus A330,290,186,40,23,250,163,592.66,268.66
1872,Programado,2024-07-04,20:00:00,22:00,Roma,Barcelona,2 horas,zona euro,Airbus A330,290,172,40,22,250,150,552.88,228.88
1873,Programado,2024-07-04,18:00:00,20:00,Tenerife,Madrid,2 horas,nacional,Airbus A320 Neo,180,87,30,18,150,69,620.8,269.8
1874,Programado,2024-07-05,15:00:00,17:00,Moscu,Barcelona,5 horas,internacional,Airbus A500,348,219,50,25,298,194,615.27,291.27
1875,Programado,2024-07-05,12:00:00,14:00,Paris,Madrid,2 horas,zona euro,Airbus A330,290,174,40,21,250,153,561.04,237.04
1876,Programado,2024-07-05,16:00:00,17:00,Bilbao,Barcelona,1 horas,nacional,Airbus A320 Neo,180,104,30,20,150,84,540.0,216.0
1877,Programado,2024-07-06,15:00:00,19:00,Tokio,Madrid,13 horas,internacional,Airbus A500,348,198,50,24,298,174,863.67,539.67
1878,Programado,2024-07-06,08:00:00,21:00,Bilbao,Nueva delhi,7 horas,internacional,Airbus A500,348,219,50,26,298,193,754.08,430.08
1879,Programado,2024-07-06,12:00:00,16:00,Berlin,Madrid,4 horas,zona euro,Airbus A330,290,184,40,21,250,163,577.4,253.4
1880,Programado,2024-07-06,16:00:00,20:00,Berlin,Barcelona,4 horas,zona euro,Airbus A330,290,160,40,20,250,140,569.98,245.98
1881,Programado,2024-07-06,18:00:00,20:00,Bilbao,Sevilla,2 horas,nacional,Airbus A320 Neo,180,92,30,14,150,78,550.53,226.53
1882,Programado,2024-07-07,15:00:00,20:00,Pekin,Malaga,12 horas,internacional,Airbus A500,348,172,50,32,298,140,872.76,521.76
1883,Programado,2024-07-07,22:00:00,02:00,Sidney,Madrid,15 horas,internacional,Airbus A500,348,213,50,27,298,186,1070.61,746.61
1884,Programado,2024-07-07,16:00:00,18:00,Nueva delhi,Bilbao,7 horas,internacional,Airbus A500,348,177,50,28,298,149,754.08,430.08
1885,Programado,2024-07-07,12:00:00,14:00,Paris,Madrid,2 horas,zona euro,Airbus A330,290,150,40,25,250,125,561.04,237.04
1886,Programado,2024-07-07,16:00:00,18:00,Barcelona,Bilbao,2 horas,nacional,Airbus A320 Neo,180,96,30,15,150,81,540.0,216.0
1887,Programado,2024-07-08,10:00:00,10:00,Madrid,Tokio,15 horas,internacional,Airbus A500,348,216,50,32,298,184,863.67,539.67
1888,Programado,2024-07-08,15:00:00,20:00,Madrid,Nueva York,9 horas,internacional,Airbus A500,348,203,50,33,298,170,713.46,389.46
1889,Programado,2024-07-08,08:00:00,12:00,Malaga,Varsovia,4 horas,zona euro,Airbus A330,290,171,40,25,250,146,592.66,268.66
1890,Programado,2024-07-08,12:00:00,14:00,Barcelona,Roma,2 horas,zona euro,Airbus A330,290,156,40,18,250,138,552.88,228.88
1891,Programado,2024-07-08,18:00:00,21:00,Madrid,Tenerife,3 horas,nacional,Airbus A320 Neo,180,86,30,14,150,72,620.8,269.8
1892,Programado,2024-07-08,06:00:00,08:00,Barcelona,Sevilla,2 horas,nacional,Airbus A320 Neo,180,113,30,18,150,95,552.47,228.47
1893,Programado,2024-07-09,06:00:00,14:00,Barcelona,Moscu,5 horas,internacional,Airbus A500,348,193,50,30,298,163,615.27,291.27
1894,Programado,2024-07-09,22:00:00,16:00,Malaga,Pekin,10 horas,internacional,Airbus A500,348,203,50,27,298,176,827.76,503.76
1895,Programado,2024-07-09,09:00:00,11:00,Madrid,Paris,2 horas,zona euro,Airbus A330,290,179,40,20,250,159,561.04,237.04
1896,Programado,2024-07-09,16:00:00,17:00,Barcelona,Bilbao,1 horas,nacional,Airbus A320 Neo,180,95,30,14,150,81,540.0,216.0
1897,Programado,2024-07-10,11:00:00,11:00,Madrid,Sidney,13 horas,internacional,Airbus A500,348,197,50,32,298,165,1070.61,746.61
1898,Programado,2024-07-10,13:00:00,17:00,Barcelona,Berlin,4 horas,zona euro,Airbus A330,290,133,40,18,250,115,614.98,263.98
1899,Programado,2024-07-10,19:00:00,23:00,Madrid,Berlin,4 horas,zona euro,Airbus A330,290,148,40,19,250,129,577.4,253.4
1900,Programado,2024-07-10,17:00:00,19:00,Sevilla,Bilbao,2 horas,nacional,Airbus A320 Neo,180,103,30,15,150,88,550.53,226.53
1901,Programado,2024-07-10,15:00:00,17:00,Sevilla,Barcelona,2 horas,nacional,Airbus A320 Neo,180,92,30,17,150,75,552.47,228.47
1902,Programado,2024-07-11,10:00:00,23:00,Nueva York,Madrid,7 horas,internacional,Airbus A500,348,194,50,33,298,161,713.46,389.46
1903,Programado,2024-07-11,22:00:00,02:00,Varsovia,Malaga,4 horas,zona euro,Airbus A330,290,174,40,20,250,154,592.66,268.66
1904,Programado,2024-07-11,20:00:00,22:00,Roma,Barcelona,2 horas,zona euro,Airbus A330,290,136,40,20,250,116,597.88,246.88
1905,Programado,2024-07-11,18:00:00,20:00,Tenerife,Madrid,2 horas,nacional,Airbus A320 Neo,180,83,30,15,150,68,620.8,269.8
1906,Programado,2024-07-12,15:00:00,17:00,Moscu,Barcelona,5 horas,internacional,Airbus A500,348,207,50,33,298,174,615.27,291.27
1907,Programado,2024-07-12,12:00:00,14:00,Paris,Madrid,2 horas,zona euro,Airbus A330,290,142,40,25,250,117,606.04,255.04
1908,Programado,2024-07-12,16:00:00,17:00,Bilbao,Barcelona,1 horas,nacional,Airbus A320 Neo,180,86,30,17,150,69,585.0,234.0
1909,Programado,2024-07-13,15:00:00,19:00,Tokio,Madrid,13 horas,internacional,Airbus A500,348,190,50,24,298,166,863.67,539.67
1910,Programado,2024-07-13,08:00:00,21:00,Bilbao,Nueva delhi,7 horas,internacional,Airbus A500,348,164,50,26,298,138,799.08,448.08
1911,Programado,2024-07-13,12:00:00,16:00,Berlin,Madrid,4 horas,zona euro,Airbus A330,290,141,40,21,250,120,622.4,271.4
1912,Programado,2024-07-13,16:00:00,20:00,Berlin,Barcelona,4 horas,zona euro,Airbus A330,290,189,40,26,250,163,547.48,236.98
1913,Programado,2024-07-13,18:00:00,20:00,Bilbao,Sevilla,2 horas,nacional,Airbus A320 Neo,180,106,30,20,150,86,550.53,226.53
1914,Programado,2024-07-14,15:00:00,20:00,Pekin,Malaga,12 horas,internacional,Airbus A500,348,169,50,28,298,141,872.76,521.76
1915,Programado,2024-07-14,22:00:00,02:00,Sidney,Madrid,15 horas,internacional,Airbus A500,348,216,50,32,298,184,1070.61,746.61
1916,Programado,2024-07-14,16:00:00,18:00,Nueva delhi,Bilbao,7 horas,internacional,Airbus A500,348,188,50,25,298,163,754.08,430.08
1917,Programado,2024-07-14,12:00:00,14:00,Paris,Madrid,2 horas,zona euro,Airbus A330,290,166,40,24,250,142,561.04,237.04
1918,Programado,2024-07-14,16:00:00,18:00,Barcelona,Bilbao,2 horas,nacional,Airbus A320 Neo,180,90,30,19,150,71,540.0,216.0
1919,Programado,2024-07-15,10:00:00,10:00,Madrid,Tokio,15 horas,internacional,Airbus A500,348,200,50,28,298,172,863.67,539.67
1920,Programado,2024-07-15,15:00:00,20:00,Madrid,Nueva York,9 horas,internacional,Airbus A500,348,170,50,30,298,140,758.46,407.46
1921,Programado,2024-07-15,08:00:00,12:00,Malaga,Varsovia,4 horas,zona euro,Airbus A330,290,137,40,23,250,114,637.66,286.66
1922,Programado,2024-07-15,12:00:00,14:00,Barcelona,Roma,2 horas,zona euro,Airbus A330,290,161,40,22,250,139,552.88,228.88
1923,Programado,2024-07-15,18:00:00,21:00,Madrid,Tenerife,3 horas,nacional,Airbus A320 Neo,180,104,30,19,150,85,575.8,251.8
1924,Programado,2024-07-15,06:00:00,08:00,Barcelona,Sevilla,2 horas,nacional,Airbus A320 Neo,180,103,30,15,150,88,552.47,228.47
1925,Programado,2024-07-16,06:00:00,14:00,Barcelona,Moscu,5 horas,internacional,Airbus A500,348,208,50,23,298,185,615.27,291.27
1926,Programado,2024-07-16,22:00:00,16:00,Malaga,Pekin,10 horas,internacional,Airbus A500,348,222,50,29,298,193,827.76,503.76
1927,Programado,2024-07-16,09:00:00,11:00,Madrid,Paris,2 horas,zona euro,Airbus A330,290,166,40,22,250,144,561.04,237.04
1928,Programado,2024-07-16,16:00:00,17:00,Barcelona,Bilbao,1 horas,nacional,Airbus A320 Neo,180,85,30,14,150,71,585.0,234.0
1929,Programado,2024-07-17,11:00:00,11:00,Madrid,Sidney,13 horas,internacional,Airbus A500,348,218,50,33,298,185,1070.61,746.61
1930,Programado,2024-07-17,13:00:00,17:00,Barcelona,Berlin,4 horas,zona euro,Airbus A330,290,178,40,23,250,155,569.98,245.98
1931,Programado,2024-07-17,19:00:00,23:00,Madrid,Berlin,4 horas,zona euro,Airbus A330,290,181,40,25,250,156,577.4,253.4
1932,Programado,2024-07-17,17:00:00,19:00,Sevilla,Bilbao,2 horas,nacional,Airbus A320 Neo,180,99,30,15,150,84,550.53,226.53
1933,Programado,2024-07-17,15:00:00,17:00,Sevilla,Barcelona,2 horas,nacional,Airbus A320 Neo,180,94,30,14,150,80,552.47,228.47
1934,Programado,2024-07-18,10:00:00,23:00,Nueva York,Madrid,7 horas,internacional,Airbus A500,348,187,50,27,298,160,713.46,389.46
1935,Programado,2024-07-18,22:00:00,02:00,Varsovia,Malaga,4 horas,zona euro,Airbus A330,290,144,40,25,250,119,637.66,286.66
1936,Programado,2024-07-18,20:00:00,22:00,Roma,Barcelona,2 horas,zona euro,Airbus A330,290,142,40,26,250,116,597.88,246.88
1937,Programado,2024-07-18,18:00:00,20:00,Tenerife,Madrid,2 horas,nacional,Airbus A320 Neo,180,92,30,19,150,73,575.8,251.8
1938,Programado,2024-07-19,15:00:00,17:00,Moscu,Barcelona,5 horas,internacional,Airbus A500,348,200,50,27,298,173,615.27,291.27
1939,Programado,2024-07-19,12:00:00,14:00,Paris,Madrid,2 horas,zona euro,Airbus A330,290,162,40,23,250,139,561.04,237.04
1940,Programado,2024-07-19,16:00:00,17:00,Bilbao,Barcelona,1 horas,nacional,Airbus A320 Neo,180,112,30,15,150,97,540.0,216.0
1941,Programado,2024-07-20,15:00:00,19:00,Tokio,Madrid,13 horas,internacional,Airbus A500,348,163,50,24,298,139,908.67,557.67
1942,Programado,2024-07-20,08:00:00,21:00,Bilbao,Nueva delhi,7 horas,internacional,Airbus A500,348,215,50,27,298,188,754.08,430.08
1943,Programado,2024-07-20,12:00:00,16:00,Berlin,Madrid,4 horas,zona euro,Airbus A330,290,160,40,21,250,139,577.4,253.4
1944,Programado,2024-07-20,16:00:00,20:00,Berlin,Barcelona,4 horas,zona euro,Airbus A330,290,138,40,25,250,113,614.98,263.98
1945,Programado,2024-07-20,18:00:00,20:00,Bilbao,Sevilla,2 horas,nacional,Airbus A320 Neo,180,96,30,20,150,76,550.53,226.53
1946,Programado,2024-07-21,15:00:00,20:00,Pekin,Malaga,12 horas,internacional,Airbus A500,348,210,50,29,298,181,827.76,503.76
1947,Programado,2024-07-21,22:00:00,02:00,Sidney,Madrid,15 horas,internacional,Airbus A500,348,216,50,24,298,192,1070.61,746.61
1948,Programado,2024-07-21,16:00:00,18:00,Nueva delhi,Bilbao,7 horas,internacional,Airbus A500,348,210,50,32,298,178,754.08,430.08
1949,Programado,2024-07-21,12:00:00,14:00,Paris,Madrid,2 horas,zona euro,Airbus A330,290,173,40,20,250,153,561.04,237.04
1950,Programado,2024-07-21,16:00:00,18:00,Barcelona,Bilbao,2 horas,nacional,Airbus A320 Neo,180,108,30,15,150,93,540.0,216.0
1951,Programado,2024-07-22,10:00:00,10:00,Madrid,Tokio,15 horas,internacional,Airbus A500,348,203,50,24,298,179,863.67,539.67
1952,Programado,2024-07-22,15:00:00,20:00,Madrid,Nueva York,9 horas,internacional,Airbus A500,348,168,50,27,298,141,758.46,407.46
1953,Programado,2024-07-22,08:00:00,12:00,Malaga,Varsovia,4 horas,zona euro,Airbus A330,290,144,40,22,250,122,637.66,286.66
1954,Programado,2024-07-22,12:00:00,14:00,Barcelona,Roma,2 horas,zona euro,Airbus A330,290,158,40,20,250,138,552.88,228.88
1955,Programado,2024-07-22,18:00:00,21:00,Madrid,Tenerife,3 horas,nacional,Airbus A320 Neo,180,93,30,20,150,73,575.8,251.8
1956,Programado,2024-07-22,06:00:00,08:00,Barcelona,Sevilla,2 horas,nacional,Airbus A320 Neo,180,89,30,15,150,74,597.47,246.47
1957,Programado,2024-07-23,06:00:00,14:00,Barcelona,Moscu,5 horas,internacional,Airbus A500,348,211,50,23,298,188,615.27,291.27
1958,Programado,2024-07-23,22:00:00,16:00,Malaga,Pekin,10 horas,internacional,Airbus A500,348,175,50,26,298,149,827.76,503.76
1959,Programado,2024-07-23,09:00:00,11:00,Madrid,Paris,2 horas,zona euro,Airbus A330,290,174,40,18,250,156,561.04,237.04
1960,Programado,2024-07-23,16:00:00,17:00,Barcelona,Bilbao,1 horas,nacional,Airbus A320 Neo,180,101,30,14,150,87,540.0,216.0
1961,Programado,2024-07-24,11:00:00,11:00,Madrid,Sidney,13 horas,internacional,Airbus A500,348,198,50,26,298,172,1070.61,746.61
1962,Programado,2024-07-24,13:00:00,17:00,Barcelona,Berlin,4 horas,zona euro,Airbus A330,290,147,40,25,250,122,569.98,245.98
1963,Programado,2024-07-24,19:00:00,23:00,Madrid,Berlin,4 horas,zona euro,Airbus A330,290,143,40,25,250,118,622.4,271.4
1964,Programado,2024-07-24,17:00:00,19:00,Sevilla,Bilbao,2 horas,nacional,Airbus A320 Neo,180,85,30,17,150,68,595.53,244.53
1965,Programado,2024-07-24,15:00:00,17:00,Sevilla,Barcelona,2 horas,nacional,Airbus A320 Neo,180,112,30,20,150,92,552.47,228.47
1966,Programado,2024-07-25,10:00:00,23:00,Nueva York,Madrid,7 horas,internacional,Airbus A500,348,217,50,28,298,189,713.46,389.46
1967,Programado,2024-07-25,22:00:00,02:00,Varsovia,Malaga,4 horas,zona euro,Airbus A330,290,161,40,18,250,143,592.66,268.66
1968,Programado,2024-07-25,20:00:00,22:00,Roma,Barcelona,2 horas,zona euro,Airbus A330,290,171,40,20,250,151,552.88,228.88
1969,Programado,2024-07-25,18:00:00,20:00,Tenerife,Madrid,2 horas,nacional,Airbus A320 Neo,180,84,30,15,150,69,620.8,269.8
1970,Programado,2024-07-26,15:00:00,17:00,Moscu,Barcelona,5 horas,internacional,Airbus A500,348,223,50,31,298,192,615.27,291.27
1971,Programado,2024-07-26,12:00:00,14:00,Paris,Madrid,2 horas,zona euro,Airbus A330,290,140,40,25,250,115,606.04,255.04
1972,Programado,2024-07-26,16:00:00,17:00,Bilbao,Barcelona,1 horas,nacional,Airbus A320 Neo,180,110,30,19,150,91,540.0,216.0
1973,Programado,2024-07-27,15:00:00,19:00,Tokio,Madrid,13 horas,internacional,Airbus A500,348,209,50,26,298,183,863.67,539.67
1974,Programado,2024-07-27,08:00:00,21:00,Bilbao,Nueva delhi,7 horas,internacional,Airbus A500,348,172,50,31,298,141,799.08,448.08
1975,Programado,2024-07-27,12:00:00,16:00,Berlin,Madrid,4 horas,zona euro,Airbus A330,290,144,40,25,250,119,622.4,271.4
1976,Programado,2024-07-27,16:00:00,20:00,Berlin,Barcelona,4 horas,zona euro,Airbus A330,290,184,40,25,250,159,569.98,245.98
1977,Programado,2024-07-27,18:00:00,20:00,Bilbao,Sevilla,2 horas,nacional,Airbus A320 Neo,180,113,30,17,150,96,550.53,226.53
1978,Programado,2024-07-28,15:00:00,20:00,Pekin,Malaga,12 horas,internacional,Airbus A500,348,174,50,30,298,144,827.76,503.76
1979,Programado,2024-07-28,22:00:00,02:00,Sidney,Madrid,15 horas,internacional,Airbus A500,348,162,50,23,298,139,1115.61,764.61
1980,Programado,2024-07-28,16:00:00,18:00,Nueva delhi,Bilbao,7 horas,internacional,Airbus A500,348,192,50,29,298,163,754.08,430.08
1981,Programado,2024-07-28,12:00:00,14:00,Paris,Madrid,2 horas,zona euro,Airbus A330,290,168,40,26,250,142,561.04,237.04
1982,Programado,2024-07-28,16:00:00,18:00,Barcelona,Bilbao,2 horas,nacional,Airbus A320 Neo,180,90,30,15,150,75,540.0,216.0
1983,Programado,2024-07-29,10:00:00,10:00,Madrid,Tokio,15 horas,internacional,Airbus A500,348,222,50,32,298,190,863.67,539.67
1984,Programado,2024-07-29,15:00:00,20:00,Madrid,Nueva York,9 horas,internacional,Airbus A500,348,208,50,29,298,179,713.46,389.46
1985,Programado,2024-07-29,08:00:00,12:00,Malaga,Varsovia,4 horas,zona euro,Airbus A330,290,149,40,24,250,125,592.66,268.66
1986,Programado,2024-07-29,12:00:00,14:00,Barcelona,Roma,2 horas,zona euro,Airbus A330,290,142,40,20,250,122,597.88,246.88
1987,Programado,2024-07-29,18:00:00,21:00,Madrid,Tenerife,3 horas,nacional,Airbus A320 Neo,180,102,30,14,150,88,575.8,251.8
1988,Programado,2024-07-29,06:00:00,08:00,Barcelona,Sevilla,2 horas,nacional,Airbus A320 Neo,180,95,30,16,150,79,552.47,228.47
1989,Programado,2024-07-30,06:00:00,14:00,Barcelona,Moscu,5 horas,internacional,Airbus A500,348,190,50,23,298,167,615.27,291.27
1990,Programado,2024-07-30,22:00:00,16:00,Malaga,Pekin,10 horas,internacional,Airbus A500,348,177,50,32,298,145,827.76,503.76
1991,Programado,2024-07-30,09:00:00,11:00,Madrid,Paris,2 horas,zona euro,Airbus A330,290,154,40,26,250,128,561.04,237.04
1992,Programado,2024-07-30,16:00:00,17:00,Barcelona,Bilbao,1 horas,nacional,Airbus A320 Neo,180,113,30,20,150,93,540.0,216.0
1993,En curso,2024-07-31,11:00:00,11:00,Madrid,Sidney,13 horas,internacional,Airbus A500,348,240,50,33,298,207,1048.11,737.61
1994,Pendiente de salida,2024-07-31,13:00:00,17:00,Barcelona,Berlin,4 horas,zona euro,Airbus A330,290,219,40,27,250,192,547.48,236.98
1995,Pendiente de salida,2024-07-31,19:00:00,23:00,Madrid,Berlin,4 horas,zona euro,Airbus A330,290,216,40,28,250,188,554.9,244.4
1996,En curso,2024-07-31,17:00:00,19:00,Sevilla,Bilbao,2 horas,nacional,Airbus A320 Neo,180,122,30,24,150,98,528.03,217.53
1997,Pendiente de salida,2024-07-31,15:00:00,17:00,Sevilla,Barcelona,2 horas,nacional,Airbus A320 Neo,180,139,30,22,150,117,529.97,219.46
1998,Programado,2024-08-01,10:00:00,23:00,Nueva York,Madrid,7 horas,internacional,Airbus A500,348,254,50,34,298,220,690.96,380.46
1999,Programado,2024-08-01,22:00:00,02:00,Varsovia,Malaga,4 horas,zona euro,Airbus A330,290,237,40,31,250,206,570.16,259.66
2000,Programado,2024-08-01,20:00:00,22:00,Roma,Barcelona,2 horas,zona euro,Airbus A330,290,213,40,33,250,180,530.38,219.88
2001,Programado,2024-08-01,18:00:00,20:00,Tenerife,Madrid,2 horas,nacional,Airbus A320 Neo,180,125,30,20,150,105,553.3,242.8
2002,Programado,2024-08-02,15:00:00,17:00,Moscu,Barcelona,5 horas,internacional,Airbus A500,348,255,50,39,298,216,592.77,282.27
2003,Programado,2024-08-02,12:00:00,14:00,Paris,Madrid,2 horas,zona euro,Airbus A330,290,232,40,30,250,202,538.54,228.04
2004,Programado,2024-08-02,16:00:00,17:00,Bilbao,Barcelona,1 horas,nacional,Airbus A320 Neo,180,127,30,21,150,106,517.5,207.0
2005,Programado,2024-08-03,15:00:00,19:00,Tokio,Madrid,13 horas,internacional,Airbus A500,348,252,50,41,298,211,841.17,530.67
2006,Programado,2024-08-03,08:00:00,21:00,Bilbao,Nueva delhi,7 horas,internacional,Airbus A500,348,238,50,37,298,201,731.58,421.08
2007,Programado,2024-08-03,12:00:00,16:00,Berlin,Madrid,4 horas,zona euro,Airbus A330,290,202,40,30,250,172,554.9,244.4
2008,Programado,2024-08-03,16:00:00,20:00,Berlin,Barcelona,4 horas,zona euro,Airbus A330,290,208,40,27,250,181,547.48,236.98
2009,Programado,2024-08-03,18:00:00,20:00,Bilbao,Sevilla,2 horas,nacional,Airbus A320 Neo,180,128,30,23,150,105,528.03,217.53
2010,Programado,2024-08-04,15:00:00,20:00,Pekin,Malaga,12 horas,internacional,Airbus A500,348,288,50,35,298,253,805.26,494.76
2011,Programado,2024-08-04,22:00:00,02:00,Sidney,Madrid,15 horas,internacional,Airbus A500,348,283,50,39,298,244,1048.11,737.61
2012,Programado,2024-08-04,16:00:00,18:00,Nueva delhi,Bilbao,7 horas,internacional,Airbus A500,348,257,50,43,298,214,731.58,421.08
2013,Programado,2024-08-04,12:00:00,14:00,Paris,Madrid,2 horas,zona euro,Airbus A330,290,198,40,32,250,166,538.54,228.04
2014,Programado,2024-08-04,16:00:00,18:00,Barcelona,Bilbao,2 horas,nacional,Airbus A320 Neo,180,140,30,21,150,119,517.5,207.0
2015,Programado,2024-08-05,10:00:00,10:00,Madrid,Tokio,15 horas,internacional,Airbus A500,348,252,50,43,298,209,841.17,530.67
2016,Programado,2024-08-05,15:00:00,20:00,Madrid,Nueva York,9 horas,internacional,Airbus A500,348,266,50,41,298,225,690.96,380.46
2017,Programado,2024-08-05,08:00:00,12:00,Malaga,Varsovia,4 horas,zona euro,Airbus A330,290,244,40,31,250,213,570.16,259.66
2018,Programado,2024-08-05,12:00:00,14:00,Barcelona,Roma,2 horas,zona euro,Airbus A330,290,204,40,31,250,173,530.38,219.88
2019,Programado,2024-08-05,18:00:00,21:00,Madrid,Tenerife,3 horas,nacional,Airbus A320 Neo,180,144,30,24,150,120,553.3,242.8
2020,Programado,2024-08-05,06:00:00,08:00,Barcelona,Sevilla,2 horas,nacional,Airbus A320 Neo,180,136,30,24,150,112,529.97,219.46
2021,Programado,2024-08-06,06:00:00,14:00,Barcelona,Moscu,5 horas,internacional,Airbus A500,348,277,50,35,298,242,592.77,282.27
2022,Programado,2024-08-06,22:00:00,16:00,Malaga,Pekin,10 horas,internacional,Airbus A500,348,254,50,39,298,215,805.26,494.76
2023,Programado,2024-08-06,09:00:00,11:00,Madrid,Paris,2 horas,zona euro,Airbus A330,290,198,40,34,250,164,538.54,228.04
2024,Programado,2024-08-06,16:00:00,17:00,Barcelona,Bilbao,1 horas,nacional,Airbus A320 Neo,180,132,30,24,150,108,517.5,207.0
2025,Programado,2024-08-07,11:00:00,11:00,Madrid,Sidney,13 horas,internacional,Airbus A500,348,240,50,43,298,197,1048.11,737.61
2026,Programado,2024-08-07,13:00:00,17:00,Barcelona,Berlin,4 horas,zona euro,Airbus A330,290,201,40,26,250,175,547.48,236.98
2027,Programado,2024-08-07,19:00:00,23:00,Madrid,Berlin,4 horas,zona euro,Airbus A330,290,210,40,27,250,183,554.9,244.4
2028,Programado,2024-08-07,17:00:00,19:00,Sevilla,Bilbao,2 horas,nacional,Airbus A320 Neo,180,135,30,23,150,112,528.03,217.53
2029,Programado,2024-08-07,15:00:00,17:00,Sevilla,Barcelona,2 horas,nacional,Airbus A320 Neo,180,153,30,26,150,127,462.46,192.47
2030,Programado,2024-08-08,10:00:00,23:00,Nueva York,Madrid,7 horas,internacional,Airbus A500,348,258,50,43,298,215,690.96,380.46
2031,Programado,2024-08-08,22:00:00,02:00,Varsovia,Malaga,4 horas,zona euro,Airbus A330,290,221,40,31,250,190,570.16,259.66
2032,Programado,2024-08-08,20:00:00,22:00,Roma,Barcelona,2 horas,zona euro,Airbus A330,290,197,40,32,250,165,530.38,219.88
2033,Programado,2024-08-08,18:00:00,20:00,Tenerife,Madrid,2 horas,nacional,Airbus A320 Neo,180,139,30,24,150,115,553.3,242.8
2034,Programado,2024-08-09,15:00:00,17:00,Moscu,Barcelona,5 horas,internacional,Airbus A500,348,237,50,36,298,201,592.77,282.27
2035,Programado,2024-08-09,12:00:00,14:00,Paris,Madrid,2 horas,zona euro,Airbus A330,290,198,40,31,250,167,538.54,228.04
2036,Programado,2024-08-09,16:00:00,17:00,Bilbao,Barcelona,1 horas,nacional,Airbus A320 Neo,180,120,30,20,150,100,517.5,207.0
2037,Programado,2024-08-10,15:00:00,19:00,Tokio,Madrid,13 horas,internacional,Airbus A500,348,289,50,42,298,247,841.17,530.67
2038,Programado,2024-08-10,08:00:00,21:00,Bilbao,Nueva delhi,7 horas,internacional,Airbus A500,348,280,50,41,298,239,731.58,421.08
2039,Programado,2024-08-10,12:00:00,16:00,Berlin,Madrid,4 horas,zona euro,Airbus A330,290,221,40,27,250,194,554.9,244.4
2040,Programado,2024-08-10,16:00:00,20:00,Berlin,Barcelona,4 horas,zona euro,Airbus A330,290,207,40,32,250,175,547.48,236.98
2041,Programado,2024-08-10,18:00:00,20:00,Bilbao,Sevilla,2 horas,nacional,Airbus A320 Neo,180,147,30,22,150,125,528.03,217.53
2042,Programado,2024-08-11,15:00:00,20:00,Pekin,Malaga,12 horas,internacional,Airbus A500,348,285,50,34,298,251,805.26,494.76
2043,Programado,2024-08-11,22:00:00,02:00,Sidney,Madrid,15 horas,internacional,Airbus A500,348,284,50,41,298,243,1048.11,737.61
2044,Programado,2024-08-11,16:00:00,18:00,Nueva delhi,Bilbao,7 horas,internacional,Airbus A500,348,250,50,40,298,210,731.58,421.08
2045,Programado,2024-08-11,12:00:00,14:00,Paris,Madrid,2 horas,zona euro,Airbus A330,290,218,40,29,250,189,538.54,228.04
2046,Programado,2024-08-11,16:00:00,18:00,Barcelona,Bilbao,2 horas,nacional,Airbus A320 Neo,180,148,30,21,150,127,517.5,207.0
